{
    "posterior_samples": {
        "a_1": [
            0.4440913229660444
        ],
        "a_2": [
            0.19852342815952756
        ],
        "beta": [
            0.14856528009707037
        ],
        "chi_align": [
            0.19852342815952756
        ],
        "chi_eff": [
            0.19852342815952756
        ],
        "chi_p": [
            0.3972474689730829
        ],
        "chi_p_2spin": [
            0.3972474689730829
        ],
        "chirp_mass": [
            24.953807653726802
        ],
        "cos_iota": [
            0.988984462071904
        ],
        "cos_theta_jn": [
            1.0
        ],
        "cos_tilt_1": [
            0.4470328914188374
        ],
        "cos_tilt_2": [
            1.0
        ],
        "dec": [
            0.3
        ],
        "distance": [
            1.0
        ],
        "f_ref": [
            20.0
        ],
        "inverted_mass_ratio": [
            1.7495690213781698
        ],
        "iota": [
            0.14856528009707037
        ],
        "mass_1": [
            38.20869286165738
        ],
        "mass_2": [
            21.838917124606862
        ],
        "mass_ratio": [
            0.5715693338078657
        ],
        "phase": [
            0.0
        ],
        "phi_1": [
            1.5707963267948966
        ],
        "phi_12": [
            0.0
        ],
        "phi_2": [
            0.0
        ],
        "phi_jl": [
            0.0
        ],
        "ra": [
            1.2
        ],
        "sigma": [
            31460.530125751393
        ],
        "spin_1x": [
            -2.432439206736367e-17
        ],
        "spin_1y": [
            0.3972474689730829
        ],
        "spin_1z": [
            0.19852342815952756
        ],
        "spin_2x": [
            0.0
        ],
        "spin_2y": [
            0.0
        ],
        "spin_2z": [
            0.19852342815952756
        ],
        "symmetric_mass_ratio": [
            0.23142050029475336
        ],
        "theta_jn": [
            0.0
        ],
        "tilt_1": [
            1.1073507408967298
        ],
        "tilt_2": [
            0.0
        ],
        "total_mass": [
            60.04760998626425
        ],
        "viewing_angle": [
            0.0
        ]
    }
}