{
    "posterior_samples": {
        "22": [
            32.9282845679821
        ],
        "33": [
            3.6629755775730515
        ],
        "44": [
            0.9822435311980444
        ],
        "ifo_snr": [
            {
                "H1": 19.349251051229764,
                "L1": 24.350040277821705,
                "V1": 10.814430832827494
            }
        ],
        "ifo_snr_imag": [
            {
                "H1": 12.481154030377173,
                "L1": -9.722219000363665,
                "V1": 10.571755374376469
            }
        ],
        "ifo_snr_phase": [
            {
                "H1": 2.4405093742057065,
                "L1": -0.41071952238115755,
                "V1": 1.358549314835107
            }
        ],
        "ifo_snr_real": [
            {
                "H1": -14.785611597546982,
                "L1": 22.324939400601004,
                "V1": 2.278135760298806
            }
        ],
        "ifo_time": [
            {
                "H1": 1677672000.0083008,
                "L1": 1677672000.0144043,
                "V1": 1677671999.9919434
            }
        ],
        "network": [
            32.92825370427447
        ],
        "overlaps": [
            {
                "22": 1,
                "33": 0.007936380636551879,
                "44": 0.00108448750683004,
                "prec": 0.43771830810423007
            }
        ],
        "prec": [
            0.01959814759238902
        ],
        "trigger_time": [
            1677672000.0
        ]
    }
}