{
    "posterior_samples": {
        "a_1": [
            0.19299841759629374
        ],
        "a_2": [
            0.18962307710606055
        ],
        "beta": [
            0.012454680635953492
        ],
        "chi_align": [
            0.18962307710606055
        ],
        "chi_eff": [
            0.18962307710606055
        ],
        "chi_p": [
            0.03593713710776637
        ],
        "chi_p_2spin": [
            0.03593713710776637
        ],
        "chirp_mass": [
            24.950497201417836
        ],
        "cos_iota": [
            0.9999224414677033
        ],
        "cos_theta_jn": [
            1.0
        ],
        "cos_tilt_1": [
            0.9825110457781391
        ],
        "cos_tilt_2": [
            1.0
        ],
        "dec": [
            0.3
        ],
        "distance": [
            1.0
        ],
        "f_ref": [
            20.0
        ],
        "inverted_mass_ratio": [
            1.6013684020280354
        ],
        "iota": [
            0.012454680635953492
        ],
        "mass_1": [
            36.468347001824874
        ],
        "mass_2": [
            22.77324003373611
        ],
        "mass_ratio": [
            0.6244659247263534
        ],
        "phase": [
            0.0
        ],
        "phi_1": [
            1.5707963267948966
        ],
        "phi_12": [
            0.0
        ],
        "phi_2": [
            0.0
        ],
        "phi_jl": [
            0.0
        ],
        "ra": [
            1.2
        ],
        "sigma": [
            32097.81072562538
        ],
        "spin_1x": [
            -2.200514996477283e-18
        ],
        "spin_1y": [
            0.03593713710776637
        ],
        "spin_1z": [
            0.18962307710606055
        ],
        "spin_2x": [
            0.0
        ],
        "spin_2y": [
            0.0
        ],
        "spin_2z": [
            0.18962307710606055
        ],
        "symmetric_mass_ratio": [
            0.23663966040240872
        ],
        "theta_jn": [
            0.0
        ],
        "tilt_1": [
            0.18729746695393382
        ],
        "tilt_2": [
            0.0
        ],
        "total_mass": [
            59.24158703556098
        ],
        "viewing_angle": [
            0.0
        ]
    }
}