{
    "posterior_samples": {
        "22": [
            32.54719139161439
        ],
        "33": [
            0.3338722506171877
        ],
        "44": [
            0.055431792577668865
        ],
        "ifo_snr": [
            {
                "H1": 19.140897002040873,
                "L1": 24.076521226169607,
                "V1": 10.660915408924165
            }
        ],
        "ifo_snr_imag": [
            {
                "H1": 11.757876330574945,
                "L1": -8.750240197945255,
                "V1": 10.507036691244247
            }
        ],
        "ifo_snr_phase": [
            {
                "H1": 2.4801190519058522,
                "L1": -0.3719519222810483,
                "V1": 1.4006859537466716
            }
        ],
        "ifo_snr_real": [
            {
                "H1": -15.103849914430516,
                "L1": 22.430162077712648,
                "V1": 1.8047984167446107
            }
        ],
        "ifo_time": [
            {
                "H1": 1677672000.010254,
                "L1": 1677672000.0163574,
                "V1": 1677671999.9938965
            }
        ],
        "network": [
            32.553155450020036
        ],
        "overlaps": [
            {
                "22": 1,
                "33": 0.005993751364629606,
                "44": 0.0016961618011664804,
                "prec": 0.429345723244868
            }
        ],
        "prec": [
            0.08138897370945711
        ],
        "trigger_time": [
            1677672000.0
        ]
    }
}