{
    "posterior_samples": {
        "22": [
            33.20314051486518
        ],
        "33": [
            3.5614736404249614
        ],
        "44": [
            0.9273329354328247
        ],
        "ecc_harm_snr": [
            {
                "-1": 2.0820854736625254,
                "0": 33.41902088864975,
                "1": 6.162179761216356
            }
        ],
        "ecc_harm_snr_imag": [
            {
                "-1": 1.4459653734993574,
                "0": 2.0577368128805984e-16,
                "1": 0.1948074017125046
            }
        ],
        "ecc_harm_snr_phase": [
            {
                "-1": 2.3738966157979227,
                "0": 6.1573821080421804e-18,
                "1": 3.1099739938791267
            }
        ],
        "ecc_harm_snr_real": [
            {
                "-1": -1.4980867993134996,
                "0": 33.41902088864975,
                "1": -6.159099730137715
            }
        ],
        "ifo_snr": [
            {
                "H1": 18.8549726953097,
                "L1": 23.72473112579319,
                "V1": 10.58863930330963
            }
        ],
        "ifo_snr_imag": [
            {
                "H1": 9.519020729861388,
                "L1": -17.181530966312142,
                "V1": -5.602814806922106
            }
        ],
        "ifo_snr_phase": [
            {
                "H1": 0.5292135782710994,
                "L1": -2.3317141450087373,
                "V1": -0.5575803002201926
            }
        ],
        "ifo_snr_real": [
            {
                "H1": 16.275694752769958,
                "L1": -16.360252462747546,
                "V1": 8.98486218786509
            }
        ],
        "ifo_time": [
            {
                "H1": 1677672000.0086384,
                "L1": 1677672000.0147262,
                "V1": 1677671999.9922607
            }
        ],
        "network": [
            32.10127948583433
        ],
        "overlaps": [
            {
                "22": 1,
                "33": 0.012798211545936002,
                "44": 0.0025785016676727005,
                "ecc_harm_-1": 0.7654878081128599,
                "ecc_harm_0": 1,
                "ecc_harm_1": 0.4429917177580648
            }
        ],
        "trigger_time": [
            1677672000.0
        ]
    }
}