{
    "posterior_samples": {
        "22": [
            33.14018261536835
        ],
        "33": [
            3.5839936038963622
        ],
        "44": [
            0.9445616190157383
        ],
        "ecc_harm_snr": [
            {
                "-1": 2.0525279253624977,
                "0": 33.40568878180071,
                "1": 6.173086495662744
            }
        ],
        "ecc_harm_snr_imag": [
            {
                "-1": 0.3583411593902448,
                "0": -5.149467826397892e-17,
                "1": -5.5850418579857966
            }
        ],
        "ecc_harm_snr_phase": [
            {
                "-1": 0.17548456226536288,
                "0": -1.5414942826155113e-18,
                "1": -1.130770307442271
            }
        ],
        "ecc_harm_snr_real": [
            {
                "-1": 2.0210053186173793,
                "0": 33.40568878180071,
                "1": 2.6295064798323473
            }
        ],
        "ifo_snr": [
            {
                "H1": 18.61692566193903,
                "L1": 23.425248750862014,
                "V1": 10.460734816570048
            }
        ],
        "ifo_snr_imag": [
            {
                "H1": 18.61585531169828,
                "L1": -22.577112593673945,
                "V1": 4.811572587746811
            }
        ],
        "ifo_snr_phase": [
            {
                "H1": 1.560073086160787,
                "L1": -1.3008827016451319,
                "V1": 0.47795585603768803
            }
        ],
        "ifo_snr_real": [
            {
                "H1": 0.19962994785123778,
                "L1": 6.246300182694691,
                "V1": 9.28847361709362
            }
        ],
        "ifo_time": [
            {
                "H1": 1677672000.0085354,
                "L1": 1677672000.0146232,
                "V1": 1677671999.9921615
            }
        ],
        "network": [
            31.697936416185314
        ],
        "overlaps": [
            {
                "22": 1,
                "33": 0.012585682446440654,
                "44": 0.0022675120444690514,
                "ecc_harm_-1": 0.7734901576759846,
                "ecc_harm_0": 1,
                "ecc_harm_1": 0.44995913025886586
            }
        ],
        "trigger_time": [
            1677672000.0
        ]
    }
}