{
    "posterior_samples": {
        "a_1": [
            0.20318422498737373
        ],
        "a_2": [
            0.20318422498737373
        ],
        "beta": [
            0.0
        ],
        "chi_align": [
            0.20318422498737373
        ],
        "chi_eff": [
            0.2031842249873737
        ],
        "chi_p": [
            0.0
        ],
        "chi_p_2spin": [
            0.0
        ],
        "chirp_mass": [
            24.741690473365622
        ],
        "cos_iota": [
            1.0
        ],
        "cos_theta_jn": [
            1.0
        ],
        "cos_tilt_1": [
            1.0
        ],
        "cos_tilt_2": [
            1.0
        ],
        "ecc10": [
            0.19165356335355604
        ],
        "ecc10sqrd": [
            0.03673108834611552
        ],
        "f_ref": [
            20.0
        ],
        "inverted_mass_ratio": [
            1.7656585822925095
        ],
        "iota": [
            0.0
        ],
        "mass_1": [
            38.06727368671528
        ],
        "mass_2": [
            21.55981573588774
        ],
        "mass_ratio": [
            0.5663609091977523
        ],
        "phase": [
            0.0
        ],
        "phi_1": [
            0.0
        ],
        "phi_12": [
            0.0
        ],
        "phi_2": [
            0.0
        ],
        "phi_jl": [
            0.0
        ],
        "sigma": [
            32007.16980801601
        ],
        "spin_1x": [
            0.0
        ],
        "spin_1y": [
            0.0
        ],
        "spin_1z": [
            0.20318422498737373
        ],
        "spin_2x": [
            0.0
        ],
        "spin_2y": [
            0.0
        ],
        "spin_2z": [
            0.20318422498737373
        ],
        "symmetric_mass_ratio": [
            0.2308392198983364
        ],
        "theta_jn": [
            0.0
        ],
        "tilt_1": [
            0.0
        ],
        "tilt_2": [
            0.0
        ],
        "total_mass": [
            59.62708942260302
        ],
        "viewing_angle": [
            0.0
        ]
    }
}