{
    "posterior_samples": {
        "22": [
            19.562661296079142
        ],
        "33": [
            2.0778893275937023
        ],
        "44": [
            0.5538291910354567
        ],
        "a_1": [
            0.2
        ],
        "a_2": [
            0.1
        ],
        "alpha_net": [
            0.36416901247482986
        ],
        "beta": [
            0.0
        ],
        "chi_align": [
            0.17158963465833502
        ],
        "chi_eff": [
            0.16666666666666666
        ],
        "chi_p": [
            0.0
        ],
        "chi_p_2spin": [
            0.0
        ],
        "chirp_mass": [
            24.334573675728226
        ],
        "chirp_mass_source": [
            19.257894050812848
        ],
        "comoving_distance": [
            1092.816593306142
        ],
        "comoving_volume": [
            5466765581.048045
        ],
        "cos_iota": [
            0.8253356149096783
        ],
        "cos_theta_jn": [
            0.8253356149096783
        ],
        "cos_tilt_1": [
            1.0
        ],
        "cos_tilt_2": [
            1.0
        ],
        "dec": [
            0.3
        ],
        "delta_t": [
            0.0001220703125
        ],
        "distance": [
            1380.9
        ],
        "ecc10": [
            0.2
        ],
        "ecc_harm_snr": [
            {
                "-1": 1.239843926637669,
                "0": 19.638933026514927,
                "1": 4.034054731735867
            }
        ],
        "ecc_harm_snr_imag": [
            {
                "-1": 0.3062938939111991,
                "0": 9.536786818259622e-17,
                "1": 2.2668105268325625
            }
        ],
        "ecc_harm_snr_phase": [
            {
                "-1": 2.8919659000500597,
                "0": 4.856061582054285e-18,
                "1": 2.5448892223675914
            }
        ],
        "ecc_harm_snr_real": [
            {
                "-1": -1.2014145882970744,
                "0": 19.638933026514927,
                "1": -3.336939857726179
            }
        ],
        "f_lower": [
            10.0
        ],
        "f_ref": [
            20.0
        ],
        "geocent_time": [
            1677672000.0
        ],
        "ifo_snr": [
            {
                "H1": 11.032607505801483,
                "L1": 13.88236418184744,
                "V1": 6.196915349184596
            }
        ],
        "ifo_snr_imag": [
            {
                "H1": -4.423600928104852,
                "L1": 1.8232020231087043,
                "V1": -6.171607687961638
            }
        ],
        "ifo_snr_phase": [
            {
                "H1": -0.4125612292288303,
                "L1": 3.0098799101464713,
                "V1": -1.4803895190496434
            }
        ],
        "ifo_snr_real": [
            {
                "H1": 10.106937380133367,
                "L1": -13.762120827124468,
                "V1": 0.559480465121396
            }
        ],
        "ifo_time": [
            {
                "H1": 1677672000.0081115,
                "L1": 1677672000.0141995,
                "V1": 1677671999.9917498
            }
        ],
        "inclination": [
            0.6
        ],
        "inverted_mass_ratio": [
            2.0
        ],
        "iota": [
            0.6
        ],
        "left_snr": [
            14.468993508107122
        ],
        "luminosity_distance": [
            1380.9
        ],
        "mass_1": [
            40.0
        ],
        "mass_1_source": [
            31.655198578672525
        ],
        "mass_2": [
            20.0
        ],
        "mass_2_source": [
            15.827599289336263
        ],
        "mass_ratio": [
            0.5
        ],
        "network": [
            18.78404172427935
        ],
        "not_left_snr": [
            11.978666468427175
        ],
        "not_right_snr": [
            0.3018390863628292
        ],
        "overlaps": [
            {
                "22": 1,
                "33": 0.010848848542669836,
                "44": 0.0021078402212164247,
                "ecc_harm_-1": 0.7716367987128155,
                "ecc_harm_0": 1,
                "ecc_harm_1": 0.41992692025240125
            }
        ],
        "phase": [
            0.0
        ],
        "phi_1": [
            0.0
        ],
        "phi_12": [
            0.0
        ],
        "phi_2": [
            0.0
        ],
        "phi_jl": [
            0.0
        ],
        "psi": [
            0.5
        ],
        "psi_J": [
            2.0707963267948966
        ],
        "ra": [
            1.2
        ],
        "redshift": [
            0.2636155132809602
        ],
        "right_snr": [
            18.781616455071465
        ],
        "spin_1x": [
            0.0
        ],
        "spin_1y": [
            0.0
        ],
        "spin_1z": [
            0.2
        ],
        "spin_2x": [
            0.0
        ],
        "spin_2y": [
            0.0
        ],
        "spin_2z": [
            0.1
        ],
        "symmetric_mass_ratio": [
            0.2222222222222222
        ],
        "theta_jn": [
            0.6
        ],
        "tilt_1": [
            0.0
        ],
        "tilt_2": [
            0.0
        ],
        "time": [
            1677672000.0
        ],
        "total_mass": [
            60.0
        ],
        "total_mass_source": [
            47.48279786800879
        ],
        "viewing_angle": [
            0.6
        ]
    }
}