{
    "posterior_samples": {
        "a_1": [
            0.2068122500965381
        ],
        "a_2": [
            0.2068122500965381
        ],
        "beta": [
            0.0
        ],
        "chi_align": [
            0.2068122500965381
        ],
        "chi_eff": [
            0.20681225009653814
        ],
        "chi_p": [
            0.0
        ],
        "chi_p_2spin": [
            0.0
        ],
        "chirp_mass": [
            24.812406245006784
        ],
        "cos_iota": [
            1.0
        ],
        "cos_theta_jn": [
            1.0
        ],
        "cos_tilt_1": [
            1.0
        ],
        "cos_tilt_2": [
            1.0
        ],
        "ecc10": [
            0.1906057028092787
        ],
        "ecc10sqrd": [
            0.03633053394341907
        ],
        "f_ref": [
            20.0
        ],
        "inverted_mass_ratio": [
            1.7116379522027114
        ],
        "iota": [
            0.0
        ],
        "mass_1": [
            37.55605676907938
        ],
        "mass_2": [
            21.941589178218674
        ],
        "mass_ratio": [
            0.5842357016640682
        ],
        "phase": [
            0.0
        ],
        "phi_1": [
            0.0
        ],
        "phi_12": [
            0.0
        ],
        "phi_2": [
            0.0
        ],
        "phi_jl": [
            0.0
        ],
        "sigma": [
            32209.139180832735
        ],
        "spin_1x": [
            0.0
        ],
        "spin_1y": [
            0.0
        ],
        "spin_1z": [
            0.2068122500965381
        ],
        "spin_2x": [
            0.0
        ],
        "spin_2y": [
            0.0
        ],
        "spin_2z": [
            0.2068122500965381
        ],
        "symmetric_mass_ratio": [
            0.23278152026186458
        ],
        "theta_jn": [
            0.0
        ],
        "tilt_1": [
            0.0
        ],
        "tilt_2": [
            0.0
        ],
        "total_mass": [
            59.497645947298054
        ],
        "viewing_angle": [
            0.0
        ]
    }
}