{
    "posterior_samples": {
        "22": [
            19.57165240946138
        ],
        "33": [
            2.1027953383592184
        ],
        "44": [
            0.5436344437097279
        ],
        "ecc_harm_snr": [
            {
                "-1": 1.061164869674962,
                "0": 19.69709464464776,
                "1": 3.662472219118814
            }
        ],
        "ecc_harm_snr_imag": [
            {
                "-1": 0.7844957018476922,
                "0": -3.147416474364274e-16,
                "1": -0.503172053932442
            }
        ],
        "ecc_harm_snr_phase": [
            {
                "-1": 2.309595294570907,
                "0": -1.5979089968070562e-17,
                "1": -3.003770847115641
            }
        ],
        "ecc_harm_snr_real": [
            {
                "-1": -0.7145889548648061,
                "0": 19.69709464464776,
                "1": -3.6277431882588513
            }
        ],
        "ifo_snr": [
            {
                "H1": 11.115084506580024,
                "L1": 13.98571315918248,
                "V1": 6.242289810420316
            }
        ],
        "ifo_snr_imag": [
            {
                "H1": 7.735393320055769,
                "L1": -12.134014411403685,
                "V1": -1.9520133839723939
            }
        ],
        "ifo_snr_phase": [
            {
                "H1": 0.7697232469606061,
                "L1": -2.091235877690857,
                "V1": -0.31804258064690977
            }
        ],
        "ifo_snr_real": [
            {
                "H1": 7.98177886015717,
                "L1": -6.954557270939514,
                "V1": 5.929234843221337
            }
        ],
        "ifo_time": [
            {
                "H1": 1677672000.0087903,
                "L1": 1677672000.014878,
                "V1": 1677671999.9924119
            }
        ],
        "network": [
            18.923833074634288
        ],
        "overlaps": [
            {
                "22": 1,
                "33": 0.013244182320272654,
                "44": 0.002483226531632864,
                "ecc_harm_-1": 0.7600372772800126,
                "ecc_harm_0": 1,
                "ecc_harm_1": 0.42475254367161047
            }
        ],
        "trigger_time": [
            1677672000.0
        ]
    }
}