{
    "posterior_samples": {
        "22": [
            33.18682921837302
        ],
        "33": [
            3.525009057093541
        ],
        "44": [
            0.9395365232197302
        ],
        "a_1": [
            0.2
        ],
        "a_2": [
            0.1
        ],
        "alpha_net": [
            0.3641690124591724
        ],
        "chi_align": [
            0.171589634658335
        ],
        "chi_eff": [
            0.16666666666666666
        ],
        "chi_p": [
            0.0
        ],
        "chi_p_2spin": [
            0.0
        ],
        "chirp_mass": [
            24.334573675728226
        ],
        "chirp_mass_source": [
            20.898984857850916
        ],
        "comoving_distance": [
            699.0783554460686
        ],
        "comoving_volume": [
            1431087462.6780941
        ],
        "cos_iota": [
            0.8253356149096783
        ],
        "cos_theta_jn": [
            0.8253356149096783
        ],
        "cos_tilt_1": [
            1.0
        ],
        "cos_tilt_2": [
            1.0
        ],
        "dec": [
            0.3
        ],
        "delta_t": [
            0.0001220703125
        ],
        "distance": [
            814.0
        ],
        "ecc10": [
            0.2
        ],
        "ecc_harm_snr": [
            {
                "-1": 2.1033175756353524,
                "0": 33.31621943114929,
                "1": 6.843521119936167
            }
        ],
        "ecc_harm_snr_imag": [
            {
                "-1": 0.5196083241878137,
                "0": -3.9935585999907465e-17,
                "1": 3.8455020500402948
            }
        ],
        "ecc_harm_snr_phase": [
            {
                "-1": 2.8919659417597527,
                "0": -1.1986830043077859e-18,
                "1": 2.5448892212468923
            }
        ],
        "ecc_harm_snr_real": [
            {
                "-1": -2.0381246314716153,
                "0": 33.31621943114929,
                "1": -5.660909405930133
            }
        ],
        "f_lower": [
            10.0
        ],
        "geocent_time": [
            1677672000.0
        ],
        "ifo_snr": [
            {
                "H1": 18.716128257008823,
                "L1": 23.550562123832812,
                "V1": 10.512679047522457
            }
        ],
        "ifo_snr_imag": [
            {
                "H1": -7.504341123802908,
                "L1": 3.0929195051225893,
                "V1": -10.469744959204732
            }
        ],
        "ifo_snr_phase": [
            {
                "H1": -0.41256000213932426,
                "L1": 3.0098811367656215,
                "V1": -1.480388228428866
            }
        ],
        "ifo_snr_real": [
            {
                "H1": 17.145796022069216,
                "L1": -23.34658059081331,
                "V1": 0.9491371057043312
            }
        ],
        "ifo_time": [
            {
                "H1": 1677672000.0081115,
                "L1": 1677672000.0141995,
                "V1": 1677671999.9917498
            }
        ],
        "inclination": [
            0.6
        ],
        "inverted_mass_ratio": [
            2.0
        ],
        "iota": [
            0.6
        ],
        "left_snr": [
            24.545742228816593
        ],
        "luminosity_distance": [
            814.0
        ],
        "mass_1": [
            40.0
        ],
        "mass_1_source": [
            34.35274459514525
        ],
        "mass_2": [
            20.0
        ],
        "mass_2_source": [
            17.176372297572627
        ],
        "mass_ratio": [
            0.5
        ],
        "network": [
            31.86595132798534
        ],
        "not_left_snr": [
            20.321057858143618
        ],
        "not_right_snr": [
            0.5120517508063164
        ],
        "overlaps": [
            {
                "22": 1,
                "33": 0.0108488485426696,
                "44": 0.002107840221216125,
                "ecc_harm_-1": 0.7716367966629774,
                "ecc_harm_0": 1,
                "ecc_harm_1": 0.4199269163595247
            }
        ],
        "phi_1": [
            0.0
        ],
        "phi_12": [
            0.0
        ],
        "phi_2": [
            0.0
        ],
        "phi_jl": [
            0.0
        ],
        "psi": [
            0.5
        ],
        "ra": [
            1.2
        ],
        "redshift": [
            0.16439022475231355
        ],
        "right_snr": [
            31.86183700043089
        ],
        "spin_1x": [
            0.0
        ],
        "spin_1y": [
            0.0
        ],
        "spin_1z": [
            0.2
        ],
        "spin_2x": [
            0.0
        ],
        "spin_2y": [
            0.0
        ],
        "spin_2z": [
            0.1
        ],
        "symmetric_mass_ratio": [
            0.2222222222222222
        ],
        "theta_jn": [
            0.6
        ],
        "tilt_1": [
            0.0
        ],
        "tilt_2": [
            0.0
        ],
        "time": [
            1677672000.0
        ],
        "total_mass": [
            60.0
        ],
        "total_mass_source": [
            51.52911689271787
        ],
        "viewing_angle": [
            0.6
        ]
    }
}