{
    "posterior_samples": {
        "a_1": [
            0.20105725931209228
        ],
        "a_2": [
            0.20105725931209228
        ],
        "beta": [
            0.0
        ],
        "chi_align": [
            0.20105725931209228
        ],
        "chi_eff": [
            0.20105725931209228
        ],
        "chi_p": [
            0.0
        ],
        "chi_p_2spin": [
            0.0
        ],
        "chirp_mass": [
            24.68991163461796
        ],
        "cos_iota": [
            1.0
        ],
        "cos_theta_jn": [
            1.0
        ],
        "cos_tilt_1": [
            1.0
        ],
        "cos_tilt_2": [
            1.0
        ],
        "ecc10": [
            0.21180729692338995
        ],
        "ecc10sqrd": [
            0.044862331029993076
        ],
        "f_ref": [
            20.0
        ],
        "inverted_mass_ratio": [
            1.7705340914478103
        ],
        "iota": [
            0.0
        ],
        "mass_1": [
            38.04292952073168
        ],
        "mass_2": [
            21.48669698284263
        ],
        "mass_ratio": [
            0.5648013245439826
        ],
        "phase": [
            0.0
        ],
        "phi_1": [
            0.0
        ],
        "phi_12": [
            0.0
        ],
        "phi_2": [
            0.0
        ],
        "phi_jl": [
            0.0
        ],
        "sigma": [
            31899.81242353241
        ],
        "spin_1x": [
            0.0
        ],
        "spin_1y": [
            0.0
        ],
        "spin_1z": [
            0.20105725931209228
        ],
        "spin_2x": [
            0.0
        ],
        "spin_2y": [
            0.0
        ],
        "spin_2z": [
            0.20105725931209228
        ],
        "symmetric_mass_ratio": [
            0.23066266022031204
        ],
        "theta_jn": [
            0.0
        ],
        "tilt_1": [
            0.0
        ],
        "tilt_2": [
            0.0
        ],
        "total_mass": [
            59.52962650357431
        ],
        "viewing_angle": [
            0.0
        ]
    }
}