{
    "posterior_samples": {
        "22": [
            32.54719119448431
        ],
        "33": [
            0.33384436061979567
        ],
        "44": [
            0.05543651699207137
        ],
        "ifo_snr": [
            {
                "H1": 19.14089388192651,
                "L1": 24.076522051431606,
                "V1": 10.660919129360346
            }
        ],
        "ifo_snr_imag": [
            {
                "H1": 11.761248123948258,
                "L1": -8.755251241881998,
                "V1": 10.506626025825446
            }
        ],
        "ifo_snr_phase": [
            {
                "H1": 2.4798956648909765,
                "L1": -0.37217532513554924,
                "V1": 1.4004565344939262
            }
        ],
        "ifo_snr_real": [
            {
                "H1": -15.101220519087033,
                "L1": 22.42820745812282,
                "V1": 1.8072095164116364
            }
        ],
        "ifo_time": [
            {
                "H1": 1677672000.010254,
                "L1": 1677672000.0163574,
                "V1": 1677671999.9938965
            }
        ],
        "network": [
            32.55315544421163
        ],
        "overlaps": [
            {
                "22": 1,
                "33": 0.005988121894037489,
                "44": 0.0016973502010378572,
                "prec": 0.42934516436800946
            }
        ],
        "prec": [
            0.0813582276792312
        ],
        "trigger_time": [
            1677672000.0
        ]
    }
}