{
    "posterior_samples": {
        "a_1": [
            0.44416691305753936
        ],
        "a_2": [
            0.19851906719184378
        ],
        "beta": [
            0.14860904148790843
        ],
        "chi_align": [
            0.19851906719184378
        ],
        "chi_eff": [
            0.19851906719184378
        ],
        "chi_p": [
            0.3973341498239787
        ],
        "chi_p_2spin": [
            0.3973341498239787
        ],
        "chirp_mass": [
            24.953655753950308
        ],
        "cos_iota": [
            0.9889779835914391
        ],
        "cos_theta_jn": [
            1.0
        ],
        "cos_tilt_1": [
            0.4469469952754602
        ],
        "cos_tilt_2": [
            1.0
        ],
        "dec": [
            0.3
        ],
        "distance": [
            1.0
        ],
        "f_ref": [
            20.0
        ],
        "inverted_mass_ratio": [
            1.7497104528012881
        ],
        "iota": [
            0.14860904148790843
        ],
        "mass_1": [
            38.2100887978585
        ],
        "mass_2": [
            21.8379496657199
        ],
        "mass_ratio": [
            0.571523133098393
        ],
        "phase": [
            0.0
        ],
        "phi_1": [
            1.5707963267948966
        ],
        "phi_12": [
            0.0
        ],
        "phi_2": [
            0.0
        ],
        "phi_jl": [
            0.0
        ],
        "ra": [
            1.2
        ],
        "sigma": [
            31459.8217901304
        ],
        "spin_1x": [
            -2.432969973869352e-17
        ],
        "spin_1y": [
            0.3973341498239787
        ],
        "spin_1z": [
            0.19851906719184378
        ],
        "spin_2x": [
            0.0
        ],
        "spin_2y": [
            0.0
        ],
        "spin_2z": [
            0.19851906719184378
        ],
        "symmetric_mass_ratio": [
            0.23141540028362062
        ],
        "theta_jn": [
            0.0
        ],
        "tilt_1": [
            1.1074467637030592
        ],
        "tilt_2": [
            0.0
        ],
        "total_mass": [
            60.04803846357841
        ],
        "viewing_angle": [
            0.0
        ]
    }
}