{
    "posterior_samples": {
        "a_1": [
            0.4684003154135629
        ],
        "a_2": [
            0.14002078684328
        ],
        "beta": [
            0.19497289985314592
        ],
        "chi_align": [
            0.14002078684328
        ],
        "chi_eff": [
            0.14002078684328
        ],
        "chi_p": [
            0.4469821414008774
        ],
        "chi_p_2spin": [
            0.4469821414008774
        ],
        "chirp_mass": [
            24.194031437207716
        ],
        "cos_iota": [
            0.98105292029088
        ],
        "cos_theta_jn": [
            1.0
        ],
        "cos_tilt_1": [
            0.2989340148493538
        ],
        "cos_tilt_2": [
            1.0
        ],
        "dec": [
            0.3
        ],
        "distance": [
            1.0
        ],
        "f_ref": [
            20.0
        ],
        "inverted_mass_ratio": [
            2.0057716585567005
        ],
        "iota": [
            0.19497289985314592
        ],
        "mass_1": [
            39.83015842673974
        ],
        "mass_2": [
            19.85777307044036
        ],
        "mass_ratio": [
            0.4985612373841064
        ],
        "phase": [
            0.0
        ],
        "phi_1": [
            1.5707963267948966
        ],
        "phi_12": [
            0.0
        ],
        "phi_2": [
            0.0
        ],
        "phi_jl": [
            0.0
        ],
        "ra": [
            1.2
        ],
        "sigma": [
            29459.08493251034
        ],
        "spin_1x": [
            -2.7369762437130705e-17
        ],
        "spin_1y": [
            0.4469821414008774
        ],
        "spin_1z": [
            0.14002078684328
        ],
        "spin_2x": [
            0.0
        ],
        "spin_2y": [
            0.0
        ],
        "spin_2z": [
            0.14002078684328
        ],
        "symmetric_mass_ratio": [
            0.22200845787867396
        ],
        "theta_jn": [
            0.0
        ],
        "tilt_1": [
            1.2672209328001833
        ],
        "tilt_2": [
            0.0
        ],
        "total_mass": [
            59.6879314971801
        ],
        "viewing_angle": [
            0.0
        ]
    }
}