{
    "posterior_samples": {
        "a_1": [
            0.1422665849232077
        ],
        "a_2": [
            0.1422665849232077
        ],
        "beta": [
            0.0
        ],
        "chi_align": [
            0.1422665849232077
        ],
        "chi_eff": [
            0.1422665849232077
        ],
        "chi_p": [
            0.0
        ],
        "chi_p_2spin": [
            0.0
        ],
        "chirp_mass": [
            24.596356654868977
        ],
        "cos_iota": [
            1.0
        ],
        "cos_theta_jn": [
            1.0
        ],
        "cos_tilt_1": [
            1.0
        ],
        "cos_tilt_2": [
            1.0
        ],
        "ecc10": [
            0.09940082601145353
        ],
        "ecc10sqrd": [
            0.009880524211759258
        ],
        "f_ref": [
            20.0
        ],
        "inverted_mass_ratio": [
            1.332238230453601
        ],
        "iota": [
            0.0
        ],
        "mass_1": [
            32.6781995687587
        ],
        "mass_2": [
            24.528795842791883
        ],
        "mass_ratio": [
            0.7506165017194557
        ],
        "phase": [
            0.0
        ],
        "phi_1": [
            0.0
        ],
        "phi_12": [
            0.0
        ],
        "phi_2": [
            0.0
        ],
        "phi_jl": [
            0.0
        ],
        "sigma": [
            31772.3589926601
        ],
        "spin_1x": [
            0.0
        ],
        "spin_1y": [
            0.0
        ],
        "spin_1z": [
            0.1422665849232077
        ],
        "spin_2x": [
            0.0
        ],
        "spin_2y": [
            0.0
        ],
        "spin_2z": [
            0.1422665849232077
        ],
        "symmetric_mass_ratio": [
            0.2449266666580029
        ],
        "theta_jn": [
            0.0
        ],
        "tilt_1": [
            0.0
        ],
        "tilt_2": [
            0.0
        ],
        "total_mass": [
            57.20699541155058
        ],
        "viewing_angle": [
            0.0
        ]
    }
}