{
    "posterior_samples": {
        "a_1": [
            0.16981234469835124
        ],
        "a_2": [
            0.16978115395784132
        ],
        "beta": [
            0.0015238271851860034
        ],
        "chi_align": [
            0.16978115395784132
        ],
        "chi_eff": [
            0.1697811539578413
        ],
        "chi_p": [
            0.003254561828486817
        ],
        "chi_p_2spin": [
            0.0032545618284868165
        ],
        "chirp_mass": [
            24.18207901312038
        ],
        "cos_iota": [
            0.9999988389755795
        ],
        "cos_theta_jn": [
            1.0
        ],
        "cos_tilt_1": [
            0.9998163223023314
        ],
        "cos_tilt_2": [
            1.0
        ],
        "dec": [
            0.3
        ],
        "distance": [
            1.0
        ],
        "f_ref": [
            20.0
        ],
        "inverted_mass_ratio": [
            2.161923230066386
        ],
        "iota": [
            0.0015238271851860034
        ],
        "mass_1": [
            41.440024867225844
        ],
        "mass_2": [
            19.168129696239653
        ],
        "mass_ratio": [
            0.46255111471709986
        ],
        "phase": [
            0.0
        ],
        "phi_1": [
            1.5707963267948966
        ],
        "phi_12": [
            0.0
        ],
        "phi_2": [
            0.0
        ],
        "phi_jl": [
            0.0
        ],
        "ra": [
            1.2
        ],
        "sigma": [
            30079.220200899166
        ],
        "spin_1x": [
            -1.9928443629417688e-19
        ],
        "spin_1y": [
            0.003254561828486817
        ],
        "spin_1z": [
            0.16978115395784132
        ],
        "spin_2x": [
            0.0
        ],
        "spin_2y": [
            0.0
        ],
        "spin_2z": [
            0.16978115395784132
        ],
        "symmetric_mass_ratio": [
            0.21624079310290115
        ],
        "theta_jn": [
            0.0
        ],
        "tilt_1": [
            0.019166810942892534
        ],
        "tilt_2": [
            0.0
        ],
        "total_mass": [
            60.6081545634655
        ],
        "viewing_angle": [
            0.0
        ]
    }
}