{
    "posterior_samples": {
        "22": [
            33.58706280889032
        ],
        "33": [
            3.5095024517503415
        ],
        "44": [
            1.0678843060964778
        ],
        "ifo_snr": [
            {
                "H1": 19.736501950398488,
                "L1": 24.842148166856685,
                "V1": 11.019477446791171
            }
        ],
        "ifo_snr_imag": [
            {
                "H1": -19.294447393631327,
                "L1": 21.779445748288172,
                "V1": -7.111019590299018
            }
        ],
        "ifo_snr_phase": [
            {
                "H1": -1.3587494910882623,
                "L1": 2.0726061222118526,
                "V1": -2.4401588157584957
            }
        ],
        "ifo_snr_real": [
            {
                "H1": 4.153770457364809,
                "L1": -11.949396153841136,
                "V1": -8.41797384093838
            }
        ],
        "ifo_time": [
            {
                "H1": 1677672000.0078125,
                "L1": 1677672000.013916,
                "V1": 1677671999.991455
            }
        ],
        "network": [
            33.58706176465104
        ],
        "overlaps": [
            {
                "22": 1,
                "33": 0.008708351405149037,
                "44": 0.0034431445891975323,
                "prec": 0.46795201318780516
            }
        ],
        "prec": [
            0.562357472847741
        ],
        "trigger_time": [
            1677672000.0
        ]
    }
}