{
    "posterior_samples": {
        "a_1": [
            0.20549836109831934
        ],
        "a_2": [
            0.20549836109831934
        ],
        "beta": [
            0.0
        ],
        "chi_align": [
            0.20549836109831934
        ],
        "chi_eff": [
            0.20549836109831934
        ],
        "chi_p": [
            0.0
        ],
        "chi_p_2spin": [
            0.0
        ],
        "chirp_mass": [
            24.773642279920846
        ],
        "cos_iota": [
            1.0
        ],
        "cos_theta_jn": [
            1.0
        ],
        "cos_tilt_1": [
            1.0
        ],
        "cos_tilt_2": [
            1.0
        ],
        "ecc10": [
            0.21093486501149555
        ],
        "ecc10sqrd": [
            0.04449351727741785
        ],
        "f_ref": [
            20.0
        ],
        "inverted_mass_ratio": [
            1.7068145958969894
        ],
        "iota": [
            0.0
        ],
        "mass_1": [
            37.44174692306922
        ],
        "mass_2": [
            21.936622180918427
        ],
        "mass_ratio": [
            0.5858867169310008
        ],
        "phase": [
            0.0
        ],
        "phi_1": [
            0.0
        ],
        "phi_12": [
            0.0
        ],
        "phi_2": [
            0.0
        ],
        "phi_jl": [
            0.0
        ],
        "sigma": [
            32139.33117653571
        ],
        "spin_1x": [
            0.0
        ],
        "spin_1y": [
            0.0
        ],
        "spin_1z": [
            0.20549836109831934
        ],
        "spin_2x": [
            0.0
        ],
        "spin_2y": [
            0.0
        ],
        "spin_2z": [
            0.20549836109831934
        ],
        "symmetric_mass_ratio": [
            0.23295354769074528
        ],
        "theta_jn": [
            0.0
        ],
        "tilt_1": [
            0.0
        ],
        "tilt_2": [
            0.0
        ],
        "total_mass": [
            59.378369103987644
        ],
        "viewing_angle": [
            0.0
        ]
    }
}