{
    "posterior_samples": {
        "22": [
            19.53344730003178
        ],
        "33": [
            2.1152475033650977
        ],
        "44": [
            0.5533554573459473
        ],
        "ecc_harm_snr": [
            {
                "-1": 1.1391607198108609,
                "0": 19.692428590182544,
                "1": 3.6002495916442347
            }
        ],
        "ecc_harm_snr_imag": [
            {
                "-1": 0.1803267863076699,
                "0": -3.1591648060333187e-16,
                "1": -2.8445891332790656
            }
        ],
        "ecc_harm_snr_phase": [
            {
                "-1": 0.15896661121758576,
                "0": -1.60425352899758e-17,
                "1": -0.9109865872433013
            }
        ],
        "ecc_harm_snr_real": [
            {
                "-1": 1.1247974909733516,
                "0": 19.692428590182544,
                "1": 2.2068325230894015
            }
        ],
        "ifo_snr": [
            {
                "H1": 10.982956368821498,
                "L1": 13.819527152536994,
                "V1": 6.171330398539168
            }
        ],
        "ifo_snr_imag": [
            {
                "H1": 10.555359564683595,
                "L1": -11.70318964435523,
                "V1": 4.285587151917701
            }
        ],
        "ifo_snr_phase": [
            {
                "H1": 1.8507536188226652,
                "L1": -1.010050882439858,
                "V1": 0.767634244292908
            }
        ],
        "ifo_snr_real": [
            {
                "H1": -3.034751235221633,
                "L1": 7.349468203071818,
                "V1": 4.44061500822257
            }
        ],
        "ifo_time": [
            {
                "H1": 1677672000.008668,
                "L1": 1677672000.014756,
                "V1": 1677671999.9922934
            }
        ],
        "network": [
            18.699999470777467
        ],
        "overlaps": [
            {
                "22": 1,
                "33": 0.01315636046955699,
                "44": 0.0020839348323317894,
                "ecc_harm_-1": 0.7631931732055993,
                "ecc_harm_0": 1,
                "ecc_harm_1": 0.41591737129355766
            }
        ],
        "trigger_time": [
            1677672000.0
        ]
    }
}