{
    "posterior_samples": {
        "a_1": [
            0.1698861365184405
        ],
        "a_2": [
            0.16985956545035513
        ],
        "beta": [
            0.0014068503022089957
        ],
        "chi_align": [
            0.16985956545035513
        ],
        "chi_eff": [
            0.16985956545035513
        ],
        "chi_p": [
            0.0030045642244303744
        ],
        "chi_p_2spin": [
            0.003004564224430374
        ],
        "chirp_mass": [
            24.182428669353285
        ],
        "cos_iota": [
            0.9999990103862768
        ],
        "cos_theta_jn": [
            1.0
        ],
        "cos_tilt_1": [
            0.9998435948416398
        ],
        "cos_tilt_2": [
            1.0
        ],
        "dec": [
            0.3
        ],
        "distance": [
            1.0
        ],
        "f_ref": [
            20.0
        ],
        "inverted_mass_ratio": [
            2.1621290070700874
        ],
        "iota": [
            0.0014068503022089957
        ],
        "mass_1": [
            41.44274117850902
        ],
        "mass_2": [
            19.167561714861915
        ],
        "mass_ratio": [
            0.4625070921901674
        ],
        "phase": [
            0.0
        ],
        "phi_1": [
            1.5707963267948966
        ],
        "phi_12": [
            0.0
        ],
        "phi_2": [
            0.0
        ],
        "phi_jl": [
            0.0
        ],
        "ra": [
            1.2
        ],
        "sigma": [
            30079.77822857613
        ],
        "spin_1x": [
            -1.8397649801406538e-19
        ],
        "spin_1y": [
            0.003004564224430374
        ],
        "spin_1z": [
            0.16985956545035513
        ],
        "spin_2x": [
            0.0
        ],
        "spin_2y": [
            0.0
        ],
        "spin_2z": [
            0.16985956545035513
        ],
        "symmetric_mass_ratio": [
            0.21623322971508127
        ],
        "theta_jn": [
            0.0
        ],
        "tilt_1": [
            0.017686674963140612
        ],
        "tilt_2": [
            0.0
        ],
        "total_mass": [
            60.61030289337093
        ],
        "viewing_angle": [
            0.0
        ]
    }
}