{
    "posterior_samples": {
        "22": [
            33.5887653876767
        ],
        "33": [
            3.5099733018031802
        ],
        "44": [
            1.0664933634592928
        ],
        "ifo_snr": [
            {
                "H1": 19.737413941303167,
                "L1": 24.84339329718971,
                "V1": 11.020226906821847
            }
        ],
        "ifo_snr_imag": [
            {
                "H1": -19.297551218827913,
                "L1": 21.77928278027908,
                "V1": -7.110702190889276
            }
        ],
        "ifo_snr_phase": [
            {
                "H1": -1.3592827179017861,
                "L1": 2.072711098868126,
                "V1": -2.4402539633052664
            }
        ],
        "ifo_snr_real": [
            {
                "H1": 4.143673014013284,
                "L1": -11.95228145985066,
                "V1": -8.419222970697634
            }
        ],
        "ifo_time": [
            {
                "H1": 1677672000.0078125,
                "L1": 1677672000.013916,
                "V1": 1677671999.991455
            }
        ],
        "network": [
            33.588764500752916
        ],
        "overlaps": [
            {
                "22": 1,
                "33": 0.008706808030010662,
                "44": 0.003443227924251705,
                "prec": 0.46792791169675213
            }
        ],
        "prec": [
            0.5607645937912765
        ],
        "trigger_time": [
            1677672000.0
        ]
    }
}