{
    "posterior_samples": {
        "a_1": [
            0.20012116616338996
        ],
        "a_2": [
            0.20012116616338996
        ],
        "beta": [
            0.0
        ],
        "chi_align": [
            0.20012116616338996
        ],
        "chi_eff": [
            0.20012116616338999
        ],
        "chi_p": [
            0.0
        ],
        "chi_p_2spin": [
            0.0
        ],
        "chirp_mass": [
            24.717549037235383
        ],
        "cos_iota": [
            1.0
        ],
        "cos_theta_jn": [
            1.0
        ],
        "cos_tilt_1": [
            1.0
        ],
        "cos_tilt_2": [
            1.0
        ],
        "ecc10": [
            0.201860801971749
        ],
        "ecc10sqrd": [
            0.04074778337267766
        ],
        "f_ref": [
            20.0
        ],
        "inverted_mass_ratio": [
            1.7460941759761763
        ],
        "iota": [
            0.0
        ],
        "mass_1": [
            37.807290591633794
        ],
        "mass_2": [
            21.652492237709424
        ],
        "mass_ratio": [
            0.5727067954057731
        ],
        "phase": [
            0.0
        ],
        "phi_1": [
            0.0
        ],
        "phi_12": [
            0.0
        ],
        "phi_2": [
            0.0
        ],
        "phi_jl": [
            0.0
        ],
        "sigma": [
            31989.53962537886
        ],
        "spin_1x": [
            0.0
        ],
        "spin_1y": [
            0.0
        ],
        "spin_1z": [
            0.20012116616338996
        ],
        "spin_2x": [
            0.0
        ],
        "spin_2y": [
            0.0
        ],
        "spin_2z": [
            0.20012116616338996
        ],
        "symmetric_mass_ratio": [
            0.23154574768005934
        ],
        "theta_jn": [
            0.0
        ],
        "tilt_1": [
            0.0
        ],
        "tilt_2": [
            0.0
        ],
        "total_mass": [
            59.45978282934322
        ],
        "viewing_angle": [
            0.0
        ]
    }
}