{
    "posterior_samples": {
        "22": [
            33.1731252460982
        ],
        "33": [
            3.568494421610663
        ],
        "44": [
            0.9369242325338784
        ],
        "ecc_harm_snr": [
            {
                "-1": 2.0355071161125067,
                "0": 33.40763935333986,
                "1": 6.239428872681479
            }
        ],
        "ecc_harm_snr_imag": [
            {
                "-1": 1.989965510201013,
                "0": 2.8602261504816486e-17,
                "1": -5.0913535289381775
            }
        ],
        "ecc_harm_snr_phase": [
            {
                "-1": 1.3588646252153218,
                "0": 8.561593114168073e-19,
                "1": -2.1871412812393043
            }
        ],
        "ecc_harm_snr_real": [
            {
                "-1": 0.42816642553460005,
                "0": 33.40763935333986,
                "1": -3.60674256090174
            }
        ],
        "ifo_snr": [
            {
                "H1": 18.73627344709605,
                "L1": 23.575306150340936,
                "V1": 10.52545091035649
            }
        ],
        "ifo_snr_imag": [
            {
                "H1": 16.16233855945591,
                "L1": -22.84397487250406,
                "V1": -0.4608587488950564
            }
        ],
        "ifo_snr_phase": [
            {
                "H1": 1.0404321331035722,
                "L1": -1.8205273699774258,
                "V1": -0.04379918117268167
            }
        ],
        "ifo_snr_real": [
            {
                "H1": 9.47769776759531,
                "L1": -5.826480250263129,
                "V1": 10.515356678681476
            }
        ],
        "ifo_time": [
            {
                "H1": 1677672000.0086615,
                "L1": 1677672000.0147493,
                "V1": 1677671999.992286
            }
        ],
        "network": [
            31.900284005522327
        ],
        "overlaps": [
            {
                "22": 1,
                "33": 0.012834651337287187,
                "44": 0.002354223838284597,
                "ecc_harm_-1": 0.7808646220428141,
                "ecc_harm_0": 1,
                "ecc_harm_1": 0.4517976367155897
            }
        ],
        "trigger_time": [
            1677672000.0
        ]
    }
}