{
    "posterior_samples": {
        "a_1": [
            0.19893562697901435
        ],
        "a_2": [
            0.19893562697901435
        ],
        "beta": [
            0.0
        ],
        "chi_align": [
            0.19893562697901435
        ],
        "chi_eff": [
            0.19893562697901435
        ],
        "chi_p": [
            0.0
        ],
        "chi_p_2spin": [
            0.0
        ],
        "chirp_mass": [
            24.663953177983654
        ],
        "cos_iota": [
            1.0
        ],
        "cos_theta_jn": [
            1.0
        ],
        "cos_tilt_1": [
            1.0
        ],
        "cos_tilt_2": [
            1.0
        ],
        "ecc10": [
            0.22025461281302539
        ],
        "ecc10sqrd": [
            0.048512094465415725
        ],
        "f_ref": [
            20.0
        ],
        "inverted_mass_ratio": [
            1.7639960193037285
        ],
        "iota": [
            0.0
        ],
        "mass_1": [
            37.928809396321725
        ],
        "mass_2": [
            21.501641149560363
        ],
        "mass_ratio": [
            0.5668947033081813
        ],
        "phase": [
            0.0
        ],
        "phi_1": [
            0.0
        ],
        "phi_12": [
            0.0
        ],
        "phi_2": [
            0.0
        ],
        "phi_jl": [
            0.0
        ],
        "sigma": [
            31852.162097664073
        ],
        "spin_1x": [
            0.0
        ],
        "spin_1y": [
            0.0
        ],
        "spin_1z": [
            0.19893562697901435
        ],
        "spin_2x": [
            0.0
        ],
        "spin_2y": [
            0.0
        ],
        "spin_2z": [
            0.19893562697901435
        ],
        "symmetric_mass_ratio": [
            0.23089938399482673
        ],
        "theta_jn": [
            0.0
        ],
        "tilt_1": [
            0.0
        ],
        "tilt_2": [
            0.0
        ],
        "total_mass": [
            59.43045054588209
        ],
        "viewing_angle": [
            0.0
        ]
    }
}