{
    "posterior_samples": {
        "22": [
            33.106624656433425
        ],
        "33": [
            3.5700652450741766
        ],
        "44": [
            0.9507404122156835
        ],
        "ecc_harm_snr": [
            {
                "-1": 1.8340255167726078,
                "0": 33.411507749727825,
                "1": 6.119235642860444
            }
        ],
        "ecc_harm_snr_imag": [
            {
                "-1": -1.112115857157616,
                "0": 0.0,
                "1": -1.2307173994933545
            }
        ],
        "ecc_harm_snr_phase": [
            {
                "-1": -0.65149982111763,
                "0": 0.0,
                "1": -0.20250394017729478
            }
        ],
        "ecc_harm_snr_real": [
            {
                "-1": 1.4583716660822827,
                "0": 33.411507749727825,
                "1": 5.994195486922159
            }
        ],
        "ifo_snr": [
            {
                "H1": 18.533292570796426,
                "L1": 23.320231848776444,
                "V1": 10.414894229246533
            }
        ],
        "ifo_snr_imag": [
            {
                "H1": 16.75436260865265,
                "L1": -17.494841909739794,
                "V1": 8.35633508362365
            }
        ],
        "ifo_snr_phase": [
            {
                "H1": 2.0125241633536914,
                "L1": -0.8483647603222813,
                "V1": 0.9312132791151496
            }
        ],
        "ifo_snr_real": [
            {
                "H1": -7.923021336114146,
                "L1": 15.419588841272628,
                "V1": 6.216243703121145
            }
        ],
        "ifo_time": [
            {
                "H1": 1677672000.0085783,
                "L1": 1677672000.014666,
                "V1": 1677671999.992205
            }
        ],
        "network": [
            31.556079743875316
        ],
        "overlaps": [
            {
                "22": 1,
                "33": 0.012999314475091962,
                "44": 0.0019760576269818846,
                "ecc_harm_-1": 0.7557293297347998,
                "ecc_harm_0": 1,
                "ecc_harm_1": 0.40843942529883726
            }
        ],
        "trigger_time": [
            1677672000.0
        ]
    }
}