{
    "posterior_samples": {
        "a_1": [
            0.19858798227822394
        ],
        "a_2": [
            0.19858798227822394
        ],
        "beta": [
            0.0
        ],
        "chi_align": [
            0.19858798227822394
        ],
        "chi_eff": [
            0.19858798227822394
        ],
        "chi_p": [
            0.0
        ],
        "chi_p_2spin": [
            0.0
        ],
        "chirp_mass": [
            24.684374497448783
        ],
        "cos_iota": [
            1.0
        ],
        "cos_theta_jn": [
            1.0
        ],
        "cos_tilt_1": [
            1.0
        ],
        "cos_tilt_2": [
            1.0
        ],
        "ecc10": [
            0.20897466516536484
        ],
        "ecc10sqrd": [
            0.043670410680976345
        ],
        "f_ref": [
            20.0
        ],
        "inverted_mass_ratio": [
            1.7575662262254874
        ],
        "iota": [
            0.0
        ],
        "mass_1": [
            37.88715514098256
        ],
        "mass_2": [
            21.5566017232524
        ],
        "mass_ratio": [
            0.568968602763595
        ],
        "phase": [
            0.0
        ],
        "phi_1": [
            0.0
        ],
        "phi_12": [
            0.0
        ],
        "phi_2": [
            0.0
        ],
        "phi_jl": [
            0.0
        ],
        "sigma": [
            31910.35609214094
        ],
        "spin_1x": [
            0.0
        ],
        "spin_1y": [
            0.0
        ],
        "spin_1z": [
            0.19858798227822394
        ],
        "spin_2x": [
            0.0
        ],
        "spin_2y": [
            0.0
        ],
        "spin_2z": [
            0.19858798227822394
        ],
        "symmetric_mass_ratio": [
            0.23113185020485671
        ],
        "theta_jn": [
            0.0
        ],
        "tilt_1": [
            0.0
        ],
        "tilt_2": [
            0.0
        ],
        "total_mass": [
            59.443756864234956
        ],
        "viewing_angle": [
            0.0
        ]
    }
}