{
    "posterior_samples": {
        "22": [
            33.14775607364038
        ],
        "33": [
            3.560411232572333
        ],
        "44": [
            0.9448420335224511
        ],
        "ecc_harm_snr": [
            {
                "-1": 1.8342119944231785,
                "0": 33.40064254894445,
                "1": 6.314295858256467
            }
        ],
        "ecc_harm_snr_imag": [
            {
                "-1": 1.0860041149498076,
                "0": 0.0,
                "1": -6.301585215742324
            }
        ],
        "ecc_harm_snr_phase": [
            {
                "-1": 0.6336400561594369,
                "0": 0.0,
                "1": -1.5073349973118388
            }
        ],
        "ecc_harm_snr_real": [
            {
                "-1": 1.4781504330743669,
                "0": 33.40064254894445,
                "1": 0.4004446957228322
            }
        ],
        "ifo_snr": [
            {
                "H1": 18.654113645969222,
                "L1": 23.472145379479507,
                "V1": 10.481102776098144
            }
        ],
        "ifo_snr_imag": [
            {
                "H1": 18.172978735456024,
                "L1": -23.43907338557895,
                "V1": 2.699643701424941
            }
        ],
        "ifo_snr_phase": [
            {
                "H1": 1.343182296700589,
                "L1": -1.5177054619008445,
                "V1": 0.2605090778812939
            }
        ],
        "ifo_snr_real": [
            {
                "H1": 4.2093704751896475,
                "L1": 1.245571170534127,
                "V1": 10.127459666100323
            }
        ],
        "ifo_time": [
            {
                "H1": 1677672000.008582,
                "L1": 1677672000.01467,
                "V1": 1677671999.9922078
            }
        ],
        "network": [
            31.761156780496652
        ],
        "overlaps": [
            {
                "22": 1,
                "33": 0.01302335369195561,
                "44": 0.002238026744953345,
                "ecc_harm_-1": 0.7810674313624006,
                "ecc_harm_0": 1,
                "ecc_harm_1": 0.44300634303267505
            }
        ],
        "trigger_time": [
            1677672000.0
        ]
    }
}