{
    "posterior_samples": {
        "a_1": [
            0.2062600397662387
        ],
        "a_2": [
            0.2062600397662387
        ],
        "beta": [
            0.0
        ],
        "chi_align": [
            0.2062600397662387
        ],
        "chi_eff": [
            0.2062600397662387
        ],
        "chi_p": [
            0.0
        ],
        "chi_p_2spin": [
            0.0
        ],
        "chirp_mass": [
            24.79169780212949
        ],
        "cos_iota": [
            1.0
        ],
        "cos_theta_jn": [
            1.0
        ],
        "cos_tilt_1": [
            1.0
        ],
        "cos_tilt_2": [
            1.0
        ],
        "ecc10": [
            0.20458032444942992
        ],
        "ecc10sqrd": [
            0.04185310915183401
        ],
        "f_ref": [
            20.0
        ],
        "inverted_mass_ratio": [
            1.7732990635960382
        ],
        "iota": [
            0.0
        ],
        "mass_1": [
            38.23124176875054
        ],
        "mass_2": [
            21.559387558250982
        ],
        "mass_ratio": [
            0.5639206722255409
        ],
        "phase": [
            0.0
        ],
        "phi_1": [
            0.0
        ],
        "phi_12": [
            0.0
        ],
        "phi_2": [
            0.0
        ],
        "phi_jl": [
            0.0
        ],
        "sigma": [
            32010.178632444393
        ],
        "spin_1x": [
            0.0
        ],
        "spin_1y": [
            0.0
        ],
        "spin_1z": [
            0.2062600397662387
        ],
        "spin_2x": [
            0.0
        ],
        "spin_2y": [
            0.0
        ],
        "spin_2z": [
            0.2062600397662387
        ],
        "symmetric_mass_ratio": [
            0.23056244804497433
        ],
        "theta_jn": [
            0.0
        ],
        "tilt_1": [
            0.0
        ],
        "tilt_2": [
            0.0
        ],
        "total_mass": [
            59.790629327001525
        ],
        "viewing_angle": [
            0.0
        ]
    }
}