{
    "posterior_samples": {
        "22": [
            33.253695009417946
        ],
        "33": [
            3.549021665794184
        ],
        "44": [
            0.9102096814120573
        ],
        "ecc_harm_snr": [
            {
                "-1": 1.7154190089541894,
                "0": 33.009284890380385,
                "1": 6.689481888547712
            }
        ],
        "ecc_harm_snr_imag": [
            {
                "-1": 0.7555774910912822,
                "0": 0.0,
                "1": -6.058325216102994
            }
        ],
        "ecc_harm_snr_phase": [
            {
                "-1": 2.6854790455041324,
                "0": 0.0,
                "1": -1.132908715392928
            }
        ],
        "ecc_harm_snr_real": [
            {
                "-1": -1.5400535806385363,
                "0": 33.009284890380385,
                "1": 2.8365231381285203
            }
        ],
        "ifo_snr": [
            {
                "H1": 18.614922344766416,
                "L1": 23.422984345914216,
                "V1": 10.464395554719141
            }
        ],
        "ifo_snr_imag": [
            {
                "H1": 17.642854206740342,
                "L1": -19.26142045219817,
                "V1": 7.696200148942366
            }
        ],
        "ifo_snr_phase": [
            {
                "H1": 1.8953907054915646,
                "L1": -0.965493640201255,
                "V1": 0.8263531986730052
            }
        ],
        "ifo_snr_real": [
            {
                "H1": -5.936752423791023,
                "L1": 13.327935992965468,
                "V1": 7.090280501718196
            }
        ],
        "ifo_time": [
            {
                "H1": 1677672000.0084453,
                "L1": 1677672000.014533,
                "V1": 1677671999.9920828
            }
        ],
        "network": [
            31.69629479759822
        ],
        "overlaps": [
            {
                "22": 1,
                "33": 0.012521111336419394,
                "44": 0.003144090137625056,
                "ecc_harm_-1": 0.8902060834641896,
                "ecc_harm_0": 1,
                "ecc_harm_1": 0.9648380161967538
            }
        ],
        "trigger_time": [
            1677672000.0
        ]
    }
}