{
    "posterior_samples": {
        "a_1": [
            0.2025526834420835
        ],
        "a_2": [
            0.2025526834420835
        ],
        "beta": [
            0.0
        ],
        "chi_align": [
            0.2025526834420835
        ],
        "chi_eff": [
            0.20255268344208352
        ],
        "chi_p": [
            0.0
        ],
        "chi_p_2spin": [
            0.0
        ],
        "chirp_mass": [
            24.76710228605462
        ],
        "cos_iota": [
            1.0
        ],
        "cos_theta_jn": [
            1.0
        ],
        "cos_tilt_1": [
            1.0
        ],
        "cos_tilt_2": [
            1.0
        ],
        "ecc10": [
            0.1802146755640449
        ],
        "ecc10sqrd": [
            0.03247732928865397
        ],
        "f_ref": [
            20.0
        ],
        "inverted_mass_ratio": [
            1.7468819047992326
        ],
        "iota": [
            0.0
        ],
        "mass_1": [
            37.89209469022932
        ],
        "mass_2": [
            21.69127437071038
        ],
        "mass_ratio": [
            0.5724485423157034
        ],
        "phase": [
            0.0
        ],
        "phi_1": [
            0.0
        ],
        "phi_12": [
            0.0
        ],
        "phi_2": [
            0.0
        ],
        "phi_jl": [
            0.0
        ],
        "sigma": [
            32068.777574349013
        ],
        "spin_1x": [
            0.0
        ],
        "spin_1y": [
            0.0
        ],
        "spin_1z": [
            0.2025526834420835
        ],
        "spin_2x": [
            0.0
        ],
        "spin_2y": [
            0.0
        ],
        "spin_2z": [
            0.2025526834420835
        ],
        "symmetric_mass_ratio": [
            0.23151736414794158
        ],
        "theta_jn": [
            0.0
        ],
        "tilt_1": [
            0.0
        ],
        "tilt_2": [
            0.0
        ],
        "total_mass": [
            59.5833690609397
        ],
        "viewing_angle": [
            0.0
        ]
    }
}