{
    "posterior_samples": {
        "22": [
            33.22938712262001
        ],
        "33": [
            3.5475853823604786
        ],
        "44": [
            0.9199107642582918
        ],
        "ecc_harm_snr": [
            {
                "-1": 1.8444210617468957,
                "0": 33.433926338260704,
                "1": 6.13408001267878
            }
        ],
        "ecc_harm_snr_imag": [
            {
                "-1": -0.6423033571278095,
                "0": 3.580593902474027e-17,
                "1": 5.533273542063181
            }
        ],
        "ecc_harm_snr_phase": [
            {
                "-1": -2.7858984759412087,
                "0": 1.070946279610753e-18,
                "1": 2.017086967580307
            }
        ],
        "ecc_harm_snr_real": [
            {
                "-1": -1.7289694764332573,
                "0": 33.433926338260704,
                "1": -2.647606751511425
            }
        ],
        "ifo_snr": [
            {
                "H1": 18.99765915816312,
                "L1": 23.904107422629533,
                "V1": 10.664529468838595
            }
        ],
        "ifo_snr_imag": [
            {
                "H1": -0.31530143252579945,
                "L1": -6.238414699431167,
                "V1": -9.540189404595088
            }
        ],
        "ifo_snr_phase": [
            {
                "H1": -0.01659761905169875,
                "L1": -2.8775588424413865,
                "V1": -1.1074726146991023
            }
        ],
        "ifo_snr_real": [
            {
                "H1": 18.995042471560474,
                "L1": -23.07571307046726,
                "V1": 4.766232780318061
            }
        ],
        "ifo_time": [
            {
                "H1": 1677672000.0087872,
                "L1": 1677672000.014875,
                "V1": 1677671999.9924061
            }
        ],
        "network": [
            32.342689961629326
        ],
        "overlaps": [
            {
                "22": 1,
                "33": 0.012990589871688432,
                "44": 0.0027298615072120823,
                "ecc_harm_-1": 0.7429064081163839,
                "ecc_harm_0": 1,
                "ecc_harm_1": 0.414177116894819
            }
        ],
        "trigger_time": [
            1677672000.0
        ]
    }
}