{
    "posterior_samples": {
        "22": [
            19.56266129607911
        ],
        "33": [
            2.0778893275937005
        ],
        "44": [
            0.5538291910354552
        ],
        "a_1": [
            0.2
        ],
        "a_2": [
            0.1
        ],
        "alpha_net": [
            0.3641690124591724
        ],
        "beta": [
            0.0
        ],
        "chi_align": [
            0.171589634658335
        ],
        "chi_eff": [
            0.16666666666666666
        ],
        "chi_p": [
            0.0
        ],
        "chi_p_2spin": [
            0.0
        ],
        "chirp_mass": [
            24.334573675728226
        ],
        "chirp_mass_source": [
            19.257894050812848
        ],
        "comoving_distance": [
            1092.8165933061418
        ],
        "comoving_volume": [
            5466765581.048041
        ],
        "cos_iota": [
            0.8253356149096783
        ],
        "cos_theta_jn": [
            0.8253356149096783
        ],
        "cos_tilt_1": [
            1.0
        ],
        "cos_tilt_2": [
            1.0
        ],
        "dec": [
            0.3
        ],
        "delta_t": [
            0.0001220703125
        ],
        "distance": [
            1380.9
        ],
        "ecc10": [
            0.2
        ],
        "ecc_harm_snr": [
            {
                "-1": 1.2398439471121574,
                "0": 19.638933026979164,
                "1": 4.034054740841508
            }
        ],
        "ecc_harm_snr_imag": [
            {
                "-1": 0.30629384885862904,
                "0": 6.280341038489757e-17,
                "1": 2.2668105356888972
            }
        ],
        "ecc_harm_snr_phase": [
            {
                "-1": 2.8919659417597527,
                "0": 3.197903383988367e-18,
                "1": 2.5448892212468923
            }
        ],
        "ecc_harm_snr_real": [
            {
                "-1": -1.201414620912373,
                "0": 19.638933026979164,
                "1": -3.3369398627178852
            }
        ],
        "f_lower": [
            10.0
        ],
        "f_ref": [
            20.0
        ],
        "geocent_time": [
            1677672000.0
        ],
        "ifo_snr": [
            {
                "H1": 11.032608010142063,
                "L1": 13.882364811934178,
                "V1": 6.196915594672516
            }
        ],
        "ifo_snr_imag": [
            {
                "H1": -4.42358872820303,
                "L1": 1.8231852249763107,
                "V1": -6.171607210364725
            }
        ],
        "ifo_snr_phase": [
            {
                "H1": -0.4125600021393242,
                "L1": 3.0098811367656215,
                "V1": -1.480388228428866
            }
        ],
        "ifo_snr_real": [
            {
                "H1": 10.106943270305118,
                "L1": -13.762123688117919,
                "V1": 0.5594884524899164
            }
        ],
        "ifo_time": [
            {
                "H1": 1677672000.0081115,
                "L1": 1677672000.0141995,
                "V1": 1677671999.9917498
            }
        ],
        "inclination": [
            0.6
        ],
        "inverted_mass_ratio": [
            2.0
        ],
        "iota": [
            0.6
        ],
        "left_snr": [
            14.468994260450938
        ],
        "luminosity_distance": [
            1380.9
        ],
        "mass_1": [
            40.0
        ],
        "mass_1_source": [
            31.655198578672525
        ],
        "mass_2": [
            20.0
        ],
        "mass_2_source": [
            15.827599289336263
        ],
        "mass_ratio": [
            0.5
        ],
        "network": [
            18.7840425671519
        ],
        "not_left_snr": [
            11.978666881402637
        ],
        "not_right_snr": [
            0.30183947074815903
        ],
        "overlaps": [
            {
                "22": 1,
                "33": 0.0108488485426696,
                "44": 0.002107840221216125,
                "ecc_harm_-1": 0.7716367966629774,
                "ecc_harm_0": 1,
                "ecc_harm_1": 0.41992691635952484
            }
        ],
        "phase": [
            0.0
        ],
        "phi_1": [
            0.0
        ],
        "phi_12": [
            0.0
        ],
        "phi_2": [
            0.0
        ],
        "phi_jl": [
            0.0
        ],
        "psi": [
            0.5
        ],
        "psi_J": [
            2.0707963267948966
        ],
        "ra": [
            1.2
        ],
        "redshift": [
            0.26361551328096017
        ],
        "right_snr": [
            18.7816172918754
        ],
        "spin_1x": [
            0.0
        ],
        "spin_1y": [
            0.0
        ],
        "spin_1z": [
            0.2
        ],
        "spin_2x": [
            0.0
        ],
        "spin_2y": [
            0.0
        ],
        "spin_2z": [
            0.1
        ],
        "symmetric_mass_ratio": [
            0.2222222222222222
        ],
        "theta_jn": [
            0.6
        ],
        "tilt_1": [
            0.0
        ],
        "tilt_2": [
            0.0
        ],
        "time": [
            1677672000.0
        ],
        "total_mass": [
            60.0
        ],
        "total_mass_source": [
            47.48279786800879
        ],
        "viewing_angle": [
            0.6
        ]
    }
}