{
    "posterior_samples": {
        "22": [
            19.68534913091257
        ],
        "33": [
            2.1386080891190904
        ],
        "44": [
            0.5483156618541094
        ],
        "ecc_harm_snr": [
            {
                "-1": 0.9047592861082897,
                "0": 19.69807447357111,
                "1": 3.6837133506892856
            }
        ],
        "ecc_harm_snr_imag": [
            {
                "-1": 0.39589326094782445,
                "0": 0.0,
                "1": 1.2549367860559302
            }
        ],
        "ecc_harm_snr_phase": [
            {
                "-1": 2.6887009897975065,
                "0": 0.0,
                "1": 2.7939614424192065
            }
        ],
        "ecc_harm_snr_real": [
            {
                "-1": -0.8135464902113954,
                "0": 19.69807447357111,
                "1": -3.4633621977855698
            }
        ],
        "ifo_snr": [
            {
                "H1": 11.566378408717384,
                "L1": 14.553807038831561,
                "V1": 6.474454539861524
            }
        ],
        "ifo_snr_imag": [
            {
                "H1": 2.0407708998230896,
                "L1": 1.5008383593677657,
                "V1": 6.208155960490092
            }
        ],
        "ifo_snr_phase": [
            {
                "H1": 2.964224204639335,
                "L1": 0.10330707712915851,
                "V1": 1.858600940437523
            }
        ],
        "ifo_snr_real": [
            {
                "H1": -11.384918253025752,
                "L1": 14.4762144064874,
                "V1": -1.8377598208048946
            }
        ],
        "ifo_time": [
            {
                "H1": 1677672000.0087485,
                "L1": 1677672000.0148363,
                "V1": 1677671999.9923546
            }
        ],
        "network": [
            19.68534913091257
        ],
        "overlaps": [
            {
                "22": 1,
                "33": 0.01001777933257263,
                "44": 0.0014744790925479135,
                "ecc_harm_-1": 0.7755440117588386,
                "ecc_harm_0": 1,
                "ecc_harm_1": 0.4179192663961115
            }
        ],
        "trigger_time": [
            1677672000.0
        ]
    }
}