{
    "posterior_samples": {
        "a_1": [
            0.20763964597078557
        ],
        "a_2": [
            0.20763964597078557
        ],
        "beta": [
            0.0
        ],
        "chi_align": [
            0.20763964597078557
        ],
        "chi_eff": [
            0.20763964597078555
        ],
        "chi_p": [
            0.0
        ],
        "chi_p_2spin": [
            0.0
        ],
        "chirp_mass": [
            24.820602222560016
        ],
        "cos_iota": [
            1.0
        ],
        "cos_theta_jn": [
            1.0
        ],
        "cos_tilt_1": [
            1.0
        ],
        "cos_tilt_2": [
            1.0
        ],
        "ecc10": [
            0.18554640312433823
        ],
        "ecc10sqrd": [
            0.03442746771237943
        ],
        "f_ref": [
            20.0
        ],
        "inverted_mass_ratio": [
            1.718907636963728
        ],
        "iota": [
            0.0
        ],
        "mass_1": [
            37.65236169536336
        ],
        "mass_2": [
            21.9048195991917
        ],
        "mass_ratio": [
            0.5817648246454918
        ],
        "phase": [
            0.0
        ],
        "phi_1": [
            0.0
        ],
        "phi_12": [
            0.0
        ],
        "phi_2": [
            0.0
        ],
        "phi_jl": [
            0.0
        ],
        "sigma": [
            31331.2208072879
        ],
        "spin_1x": [
            0.0
        ],
        "spin_1y": [
            0.0
        ],
        "spin_1z": [
            0.20763964597078557
        ],
        "spin_2x": [
            0.0
        ],
        "spin_2y": [
            0.0
        ],
        "spin_2z": [
            0.20763964597078557
        ],
        "symmetric_mass_ratio": [
            0.23252177628654414
        ],
        "theta_jn": [
            0.0
        ],
        "tilt_1": [
            0.0
        ],
        "tilt_2": [
            0.0
        ],
        "total_mass": [
            59.557181294555065
        ],
        "viewing_angle": [
            0.0
        ]
    }
}