{
    "posterior_samples": {
        "22": [
            20.829742902589317
        ],
        "33": [
            2.141097476230688
        ],
        "44": [
            0.6044191202417692
        ],
        "a_1": [
            0.2
        ],
        "a_2": [
            0.1
        ],
        "alpha_net": [
            0.36416900891111836
        ],
        "beta": [
            0.0
        ],
        "chi_align": [
            0.171589634658335
        ],
        "chi_eff": [
            0.16666666666666666
        ],
        "chi_p": [
            0.0
        ],
        "chi_p_2spin": [
            0.0
        ],
        "chirp_mass": [
            24.334573675728226
        ],
        "chirp_mass_source": [
            19.257894050812848
        ],
        "comoving_distance": [
            1092.8165933061418
        ],
        "comoving_volume": [
            5466765581.048041
        ],
        "cos_iota": [
            0.8253356149096784
        ],
        "cos_theta_jn": [
            0.8253356149096784
        ],
        "cos_tilt_1": [
            1.0
        ],
        "cos_tilt_2": [
            1.0
        ],
        "dec": [
            0.3
        ],
        "delta_t": [
            0.0001220703125
        ],
        "distance": [
            1380.9
        ],
        "ecc10": [
            0.2
        ],
        "ecc_harm_snr": [
            {
                "-1": 1.8899620967216881,
                "0": 20.853566198076024,
                "1": 4.129201033418439
            }
        ],
        "ecc_harm_snr_imag": [
            {
                "-1": -0.19221599794678149,
                "0": 0.0,
                "1": 0.6780950528130704
            }
        ],
        "ecc_harm_snr_phase": [
            {
                "-1": -3.039712875847033,
                "0": 0.0,
                "1": 2.9766260043595496
            }
        ],
        "ecc_harm_snr_real": [
            {
                "-1": -1.8801621571497398,
                "0": 20.853566198076024,
                "1": -4.073142309536256
            }
        ],
        "f_lower": [
            10.0
        ],
        "f_ref": [
            20.0
        ],
        "geocent_time": [
            1677672000.0
        ],
        "ifo_snr": [
            {
                "H1": 13.532559072749484,
                "L1": 13.3144289904847,
                "V1": 8.571698489089338
            }
        ],
        "ifo_snr_imag": [
            {
                "H1": 13.015053107485613,
                "L1": -12.893731525960927,
                "V1": 0.03156184576219959
            }
        ],
        "ifo_snr_phase": [
            {
                "H1": 1.2933515669567848,
                "L1": -1.3187450554711442,
                "V1": 0.003682107708443288
            }
        ],
        "ifo_snr_real": [
            {
                "H1": 3.7065546895713597,
                "L1": 3.3204979564969928,
                "V1": 8.5716403819659
            }
        ],
        "ifo_time": [
            {
                "H1": 1677672000.007807,
                "L1": 1677672000.014263,
                "V1": 1677671999.9915824
            }
        ],
        "inclination": [
            0.6
        ],
        "inverted_mass_ratio": [
            2.0
        ],
        "iota": [
            0.6
        ],
        "left_snr": [
            13.641202213403007
        ],
        "luminosity_distance": [
            1380.9
        ],
        "mass_1": [
            40.0
        ],
        "mass_1_source": [
            31.655198578672525
        ],
        "mass_2": [
            20.0
        ],
        "mass_2_source": [
            15.827599289336263
        ],
        "mass_ratio": [
            0.5
        ],
        "network": [
            20.82974290258932
        ],
        "not_left_snr": [
            15.741530788364233
        ],
        "not_right_snr": [
            4.362026916456164
        ],
        "overlaps": [
            {
                "22": 1,
                "33": 0.010505733184742991,
                "44": 0.0017627552137933688,
                "ecc_harm_-1": 0.7716367966629768,
                "ecc_harm_0": 1,
                "ecc_harm_1": 0.4199269163595243
            }
        ],
        "phase": [
            0.0
        ],
        "phi_1": [
            0.0
        ],
        "phi_12": [
            0.0
        ],
        "phi_2": [
            0.0
        ],
        "phi_jl": [
            0.0
        ],
        "psi": [
            0.5
        ],
        "psi_J": [
            2.0707963267948966
        ],
        "ra": [
            1.2
        ],
        "redshift": [
            0.26361551328096017
        ],
        "right_snr": [
            20.367889202567902
        ],
        "spin_1x": [
            0.0
        ],
        "spin_1y": [
            0.0
        ],
        "spin_1z": [
            0.2
        ],
        "spin_2x": [
            0.0
        ],
        "spin_2y": [
            0.0
        ],
        "spin_2z": [
            0.1
        ],
        "symmetric_mass_ratio": [
            0.2222222222222222
        ],
        "theta_jn": [
            0.6
        ],
        "tilt_1": [
            0.0
        ],
        "tilt_2": [
            0.0
        ],
        "time": [
            1677672000.0
        ],
        "total_mass": [
            60.0
        ],
        "total_mass_source": [
            47.48279786800879
        ],
        "viewing_angle": [
            0.6
        ]
    }
}