{
    "posterior_samples": {
        "22": [
            20.967818641912253
        ],
        "33": [
            1.200863290959925
        ],
        "44": [
            0.5370859976936324
        ],
        "ecc_harm_snr": [
            {
                "-1": 1.1364354845400715,
                "0": 20.974068191234377,
                "1": 1.6235615575954987
            }
        ],
        "ecc_harm_snr_imag": [
            {
                "-1": 0.5788019316170931,
                "0": 0.0,
                "1": 1.0320543958657262
            }
        ],
        "ecc_harm_snr_phase": [
            {
                "-1": 0.5343868823652529,
                "0": 0.0,
                "1": 0.6888801355982692
            }
        ],
        "ecc_harm_snr_real": [
            {
                "-1": 0.9779948540141451,
                "0": 20.974068191234377,
                "1": 1.2533219280281316
            }
        ],
        "ifo_snr": [
            {
                "H1": 13.544959678675044,
                "L1": 13.514555374039665,
                "V1": 8.575562893781722
            }
        ],
        "ifo_snr_imag": [
            {
                "H1": -1.896206722927897,
                "L1": -5.2096090585281845,
                "V1": -8.551241080071671
            }
        ],
        "ifo_snr_phase": [
            {
                "H1": -0.14045488064284123,
                "L1": -2.745863220497533,
                "V1": -1.4954634839857444
            }
        ],
        "ifo_snr_real": [
            {
                "H1": 13.411574581713207,
                "L1": -12.470091435722734,
                "V1": 0.6454106721310275
            }
        ],
        "ifo_time": [
            {
                "H1": 1677672000.0088727,
                "L1": 1677672000.0153253,
                "V1": 1677671999.992572
            }
        ],
        "network": [
            20.967818641912256
        ],
        "overlaps": [
            {
                "22": 1,
                "33": 0.013536656963641924,
                "44": 0.0018843648453805636,
                "ecc_harm_-1": 0.7813858175401772,
                "ecc_harm_0": 1,
                "ecc_harm_1": 0.4066416563123846
            }
        ],
        "trigger_time": [
            1677672000.0
        ]
    }
}