{
    "ecc10": 0.0,
    "ra": 1.2,
    "dec": 0.3,
    "psi": 0.5,
    "f_lower": 20.0,
    "delta_t": 0.000244140625,
    "phase": 0.0,
    "delta_f": 0.0625,
    "f_final": 2048.0,
    "mode_array": 4.0,
    "network_22_snr": 33.12378391621047,
    "network_33_snr": 3.5217922686286114,
    "network_32_snr": 0.5633462630555266,
    "network_21_snr": 0.8767642688615539,
    "network_44_snr": 1.2728510840765996,
    "ecc_network_0_snr": 33.002814352779,
    "ecc_network_1_snr": 1.4721339869990167,
    "ecc_network_-1_snr": 0.23073470527961212,
    "mass_1": 40.0,
    "mass_2": 20.0,
    "spin_1x": 0.0,
    "spin_1y": 0.0,
    "spin_1z": 0.2,
    "spin_2x": 0.0,
    "spin_2y": 0.0,
    "spin_2z": 0.1,
    "iota": 0.6,
    "luminosity_distance": 814.0,
    "geocent_time": 1677672000.0,
    "redshift": 0.16439022475231357,
    "comoving_distance": 699.0783554460687,
    "comoving_volume": 1431087462.6780949,
    "mass_ratio": 0.5,
    "inverted_mass_ratio": 2.0,
    "total_mass": 60.0,
    "chirp_mass": 24.334573675728226,
    "symmetric_mass_ratio": 0.2222222222222222,
    "mass_1_source": 34.352744595145246,
    "mass_2_source": 17.176372297572623,
    "total_mass_source": 51.529116892717866,
    "chirp_mass_source": 20.898984857850913,
    "theta_jn": 0.6,
    "phi_jl": 0.0,
    "tilt_1": 0.0,
    "tilt_2": 0.0,
    "phi_12": 0.0,
    "a_1": 0.2,
    "a_2": 0.1,
    "phi_1": 0.0,
    "phi_2": 0.0,
    "chi_p": 0.0,
    "chi_p_2spin": 0.0,
    "chi_eff": 0.16666666666666666,
    "beta": 0.0,
    "psi_J": 2.0707963267948966,
    "cos_tilt_1": 1.0,
    "cos_tilt_2": 1.0,
    "cos_theta_jn": 0.8253356149096783,
    "viewing_angle": 0.6,
    "cos_iota": 0.8253356149096783,
    "chi_align": 0.17158963465833502
}