{
    "posterior_samples": {
        "a_1": [
            0.16789031024284684
        ],
        "a_2": [
            0.1678873320814866
        ],
        "beta": [
            0.0003353025637057755
        ],
        "chi_align": [
            0.1678873320814866
        ],
        "chi_eff": [
            0.16788733208148657
        ],
        "chi_p": [
            0.001
        ],
        "chi_p_2spin": [
            0.0010000000000000005
        ],
        "chirp_mass": [
            24.690757181558546
        ],
        "cos_iota": [
            0.9999999437860958
        ],
        "cos_theta_jn": [
            1.0
        ],
        "cos_tilt_1": [
            0.9999822612671577
        ],
        "cos_tilt_2": [
            1.0
        ],
        "dec": [
            0.3
        ],
        "distance": [
            1.0
        ],
        "f_ref": [
            20.0
        ],
        "inverted_mass_ratio": [
            1.5369345556495542
        ],
        "iota": [
            0.0003353025637057755
        ],
        "mass_1": [
            35.32306750935412
        ],
        "mass_2": [
            22.982805207620267
        ],
        "mass_ratio": [
            0.6506457912109148
        ],
        "phase": [
            0.0
        ],
        "phi_1": [
            1.5707963267948966
        ],
        "phi_12": [
            0.0
        ],
        "phi_2": [
            0.0
        ],
        "phi_jl": [
            0.0
        ],
        "ra": [
            1.2
        ],
        "sigma": [
            31785.398229235976
        ],
        "spin_1x": [
            -6.123233995736768e-20
        ],
        "spin_1y": [
            0.0010000000000000005
        ],
        "spin_1z": [
            0.1678873320814866
        ],
        "spin_2x": [
            0.0
        ],
        "spin_2y": [
            0.0
        ],
        "spin_2z": [
            0.1678873320814866
        ],
        "symmetric_mass_ratio": [
            0.23880138819299895
        ],
        "theta_jn": [
            0.0
        ],
        "tilt_1": [
            0.0059563051107978365
        ],
        "tilt_2": [
            0.0
        ],
        "total_mass": [
            58.305872716974385
        ],
        "viewing_angle": [
            0.0
        ]
    }
}