{
    "posterior_samples": {
        "22": [
            33.01508762807985
        ],
        "33": [
            0.12692662258845178
        ],
        "44": [
            0.05865493179779717
        ],
        "ifo_snr": [
            {
                "H1": 19.430579299368787,
                "L1": 24.441464327658004,
                "V1": 10.80792453061781
            }
        ],
        "ifo_snr_imag": [
            {
                "H1": 18.265298041037266,
                "L1": -19.638289011284307,
                "V1": 8.043633074475611
            }
        ],
        "ifo_snr_phase": [
            {
                "H1": 1.9188788444949034,
                "L1": -0.9331220625249543,
                "V1": 0.8393883931185606
            }
        ],
        "ifo_snr_real": [
            {
                "H1": -6.627691859247765,
                "L1": 14.550697000125073,
                "V1": 7.218808739863681
            }
        ],
        "ifo_time": [
            {
                "H1": 1677672000.0100098,
                "L1": 1677672000.0161133,
                "V1": 1677671999.9936523
            }
        ],
        "network": [
            33.04154692275723
        ],
        "overlaps": [
            {
                "22": 1,
                "33": 0.007061428761814849,
                "44": 0.004885341500309252,
                "prec": 0.4465468324880387
            }
        ],
        "prec": [
            0.1534588995068538
        ],
        "trigger_time": [
            1677672000.0
        ]
    }
}