{
    "posterior_samples": {
        "22": [
            33.4986932993543
        ],
        "33": [
            3.2815349813488317
        ],
        "44": [
            0.8640719373679759
        ],
        "ifo_snr": [
            {
                "H1": 19.69358964783098,
                "L1": 24.780774729279617,
                "V1": 10.965317256002729
            }
        ],
        "ifo_snr_imag": [
            {
                "H1": 14.926497058946488,
                "L1": -13.370417173769177,
                "V1": 10.214418663005318
            }
        ],
        "ifo_snr_phase": [
            {
                "H1": 2.2814481452857533,
                "L1": -0.5699001581694054,
                "V1": 1.1985716935566129
            }
        ],
        "ifo_snr_real": [
            {
                "H1": -12.84667890026124,
                "L1": 20.86429344077296,
                "V1": 3.9879611208786683
            }
        ],
        "ifo_time": [
            {
                "H1": 1677672000.012207,
                "L1": 1677672000.0183105,
                "V1": 1677671999.9958496
            }
        ],
        "network": [
            33.4986932868321
        ],
        "overlaps": [
            {
                "22": 1,
                "33": 0.009720796061467517,
                "44": 0.0017944156589758287,
                "prec": 0.4368409004558516
            }
        ],
        "prec": [
            1.0875271811435445
        ],
        "trigger_time": [
            1677672000.0
        ]
    }
}