{
    "posterior_samples": {
        "22": [
            19.622349456665887
        ],
        "33": [
            2.078469007914436
        ],
        "44": [
            0.5452205208196117
        ],
        "a_1": [
            0.2
        ],
        "a_2": [
            0.1
        ],
        "alpha_net": [
            0.36416901181407174
        ],
        "beta": [
            0.0
        ],
        "chi_align": [
            0.171589634658335
        ],
        "chi_eff": [
            0.16666666666666666
        ],
        "chi_p": [
            0.0
        ],
        "chi_p_2spin": [
            0.0
        ],
        "chirp_mass": [
            24.334573675728226
        ],
        "chirp_mass_source": [
            19.257894050812848
        ],
        "comoving_distance": [
            1092.8165933061418
        ],
        "comoving_volume": [
            5466765581.048041
        ],
        "cos_iota": [
            0.8253356149096784
        ],
        "cos_theta_jn": [
            0.8253356149096784
        ],
        "cos_tilt_1": [
            1.0
        ],
        "cos_tilt_2": [
            1.0
        ],
        "dec": [
            0.3
        ],
        "delta_t": [
            0.0001220703125
        ],
        "distance": [
            1380.9
        ],
        "ecc10": [
            0.2
        ],
        "ecc_harm_snr": [
            {
                "-1": 1.2398439471121556,
                "0": 19.638933026979164,
                "1": 4.034054740841508
            }
        ],
        "ecc_harm_snr_imag": [
            {
                "-1": 0.30629384885862626,
                "0": 0.0,
                "1": 2.266810535688897
            }
        ],
        "ecc_harm_snr_phase": [
            {
                "-1": 2.8919659417597545,
                "0": 0.0,
                "1": 2.5448892212468928
            }
        ],
        "ecc_harm_snr_real": [
            {
                "-1": -1.2014146209123722,
                "0": 19.638933026979164,
                "1": -3.3369398627178866
            }
        ],
        "f_lower": [
            10.0
        ],
        "f_ref": [
            20.0
        ],
        "geocent_time": [
            1677672000.0
        ],
        "ifo_snr": [
            {
                "H1": 11.529201566516667,
                "L1": 14.507335536006083,
                "V1": 6.453783780378824
            }
        ],
        "ifo_snr_imag": [
            {
                "H1": 11.39255233602147,
                "L1": -14.391261982662718,
                "V1": 2.0770210963152924
            }
        ],
        "ifo_snr_phase": [
            {
                "H1": 1.416679923010503,
                "L1": -1.4442126220253653,
                "V1": 0.32766166296687166
            }
        ],
        "ifo_snr_real": [
            {
                "H1": 1.7698135586502077,
                "L1": 1.8314919875968976,
                "V1": 6.1104262084851335
            }
        ],
        "ifo_time": [
            {
                "H1": 1677672000.0080929,
                "L1": 1677672000.0141807,
                "V1": 1677671999.9917126
            }
        ],
        "inclination": [
            0.6
        ],
        "inverted_mass_ratio": [
            2.0
        ],
        "iota": [
            0.6
        ],
        "left_snr": [
            15.098065229454203
        ],
        "luminosity_distance": [
            1380.9
        ],
        "mass_1": [
            40.0
        ],
        "mass_1_source": [
            31.655198578672525
        ],
        "mass_2": [
            20.0
        ],
        "mass_2_source": [
            15.827599289336263
        ],
        "mass_ratio": [
            0.5
        ],
        "network": [
            19.62234945666589
        ],
        "not_left_snr": [
            12.533356474889803
        ],
        "not_right_snr": [
            0.19234726585666875
        ],
        "overlaps": [
            {
                "22": 1,
                "33": 0.010505733184742991,
                "44": 0.0017627552137933688,
                "ecc_harm_-1": 0.7716367966629768,
                "ecc_harm_0": 1,
                "ecc_harm_1": 0.4199269163595243
            }
        ],
        "phase": [
            0.0
        ],
        "phi_1": [
            0.0
        ],
        "phi_12": [
            0.0
        ],
        "phi_2": [
            0.0
        ],
        "phi_jl": [
            0.0
        ],
        "psi": [
            0.5
        ],
        "psi_J": [
            2.0707963267948966
        ],
        "ra": [
            1.2
        ],
        "redshift": [
            0.26361551328096017
        ],
        "right_snr": [
            19.621406695974517
        ],
        "spin_1x": [
            0.0
        ],
        "spin_1y": [
            0.0
        ],
        "spin_1z": [
            0.2
        ],
        "spin_2x": [
            0.0
        ],
        "spin_2y": [
            0.0
        ],
        "spin_2z": [
            0.1
        ],
        "symmetric_mass_ratio": [
            0.2222222222222222
        ],
        "theta_jn": [
            0.6
        ],
        "tilt_1": [
            0.0
        ],
        "tilt_2": [
            0.0
        ],
        "time": [
            1677672000.0
        ],
        "total_mass": [
            60.0
        ],
        "total_mass_source": [
            47.48279786800879
        ],
        "viewing_angle": [
            0.6
        ]
    }
}