{
    "posterior_samples": {
        "a_1": [
            0.1496661670892367
        ],
        "a_2": [
            0.1496661670892367
        ],
        "beta": [
            0.0
        ],
        "chi_align": [
            0.1496661670892367
        ],
        "chi_eff": [
            0.1496661670892367
        ],
        "chi_p": [
            0.0
        ],
        "chi_p_2spin": [
            0.0
        ],
        "chirp_mass": [
            24.324343559442802
        ],
        "cos_iota": [
            1.0
        ],
        "cos_theta_jn": [
            1.0
        ],
        "cos_tilt_1": [
            1.0
        ],
        "cos_tilt_2": [
            1.0
        ],
        "distance": [
            1.0
        ],
        "f_ref": [
            20.0
        ],
        "inverted_mass_ratio": [
            1.8656522253997898
        ],
        "iota": [
            0.0
        ],
        "mass_1": [
            38.53169391266164
        ],
        "mass_2": [
            20.65320287890456
        ],
        "mass_ratio": [
            0.5360055783095965
        ],
        "phase": [
            0.0
        ],
        "phi_1": [
            0.0
        ],
        "phi_12": [
            0.0
        ],
        "phi_2": [
            0.0
        ],
        "phi_jl": [
            0.0
        ],
        "sigma": [
            30522.434299441004
        ],
        "spin_1x": [
            0.0
        ],
        "spin_1y": [
            0.0
        ],
        "spin_1z": [
            0.1496661670892367
        ],
        "spin_2x": [
            0.0
        ],
        "spin_2y": [
            0.0
        ],
        "spin_2z": [
            0.1496661670892367
        ],
        "symmetric_mass_ratio": [
            0.2271871291669414
        ],
        "theta_jn": [
            0.0
        ],
        "tilt_1": [
            0.0
        ],
        "tilt_2": [
            0.0
        ],
        "total_mass": [
            59.184896791566196
        ],
        "viewing_angle": [
            0.0
        ]
    }
}