{
    "posterior_samples": {
        "22": [
            32.74567870396699
        ],
        "33": [
            3.4221208106809247
        ],
        "44": [
            0.9515136166816169
        ],
        "ifo_snr": [
            {
                "H1": 19.275634254755236,
                "L1": 24.258843231499203,
                "V1": 10.795163312699033
            }
        ],
        "ifo_snr_imag": [
            {
                "H1": -15.125204158234546,
                "L1": 13.925921580683278,
                "V1": -9.84663841031611
            }
        ],
        "ifo_snr_phase": [
            {
                "H1": -0.9021797025698673,
                "L1": 2.530142507110817,
                "V1": -1.9931314758605487
            }
        ],
        "ifo_snr_real": [
            {
                "H1": 11.94898636265093,
                "L1": -19.863539036614657,
                "V1": -4.4248460949880055
            }
        ],
        "ifo_time": [
            {
                "H1": 1677672000.0084229,
                "L1": 1677672000.0145264,
                "V1": 1677671999.9920654
            }
        ],
        "network": [
            32.81123438399402
        ],
        "overlaps": [
            {
                "22": 1,
                "33": 0.016546683820251058,
                "44": 0.007520398848366743
            }
        ],
        "trigger_time": [
            1677672000.0
        ]
    }
}