{
    "posterior_samples": {
        "a_1": [
            0.13883809845399445
        ],
        "a_2": [
            0.13883809845399445
        ],
        "beta": [
            0.0
        ],
        "chi_align": [
            0.13883809845399445
        ],
        "chi_eff": [
            0.13883809845399445
        ],
        "chi_p": [
            0.0
        ],
        "chi_p_2spin": [
            0.0
        ],
        "chirp_mass": [
            24.505990153280205
        ],
        "cos_iota": [
            1.0
        ],
        "cos_theta_jn": [
            1.0
        ],
        "cos_tilt_1": [
            1.0
        ],
        "cos_tilt_2": [
            1.0
        ],
        "ecc10": [
            0.16797842629423787
        ],
        "ecc10sqrd": [
            0.028216751700288704
        ],
        "f_ref": [
            20.0
        ],
        "inverted_mass_ratio": [
            1.322581570916007
        ],
        "iota": [
            0.0
        ],
        "mass_1": [
            32.43660831473584
        ],
        "mass_2": [
            24.525223266396015
        ],
        "mass_ratio": [
            0.7560970317372636
        ],
        "phase": [
            0.0
        ],
        "phi_1": [
            0.0
        ],
        "phi_12": [
            0.0
        ],
        "phi_2": [
            0.0
        ],
        "phi_jl": [
            0.0
        ],
        "sigma": [
            32022.074070061706
        ],
        "spin_1x": [
            0.0
        ],
        "spin_1y": [
            0.0
        ],
        "spin_1z": [
            0.13883809845399445
        ],
        "spin_2x": [
            0.0
        ],
        "spin_2y": [
            0.0
        ],
        "spin_2z": [
            0.13883809845399445
        ],
        "symmetric_mass_ratio": [
            0.24517744530041616
        ],
        "theta_jn": [
            0.0
        ],
        "tilt_1": [
            0.0
        ],
        "tilt_2": [
            0.0
        ],
        "total_mass": [
            56.96183158113186
        ],
        "viewing_angle": [
            0.0
        ]
    }
}