{
    "posterior_samples": {
        "22": [
            20.839510457150443
        ],
        "33": [
            1.4311799654794306
        ],
        "44": [
            0.8523822659065595
        ],
        "ecc_harm_snr": [
            {
                "-1": 1.2355578356598997,
                "0": 20.99885851288096,
                "1": 2.2672465247787446
            }
        ],
        "ecc_harm_snr_imag": [
            {
                "-1": 1.1648996965910912,
                "0": 3.62694729780788e-16,
                "1": -1.6961256177571225
            }
        ],
        "ecc_harm_snr_phase": [
            {
                "-1": 1.910622072532122,
                "0": 1.7272116460916507e-17,
                "1": -0.8451932060715495
            }
        ],
        "ecc_harm_snr_real": [
            {
                "-1": -0.4118396073018713,
                "0": 20.99885851288096,
                "1": 1.504514769920626
            }
        ],
        "ifo_snr": [
            {
                "H1": 13.26839697604295,
                "L1": 13.64023765981064,
                "V1": 8.49639462902633
            }
        ],
        "ifo_snr_imag": [
            {
                "H1": -4.49181584159613,
                "L1": 10.330652995122694,
                "V1": 7.548503095322058
            }
        ],
        "ifo_snr_phase": [
            {
                "H1": -2.7962331982295257,
                "L1": 0.8592699602353928,
                "V1": 2.047666144844051
            }
        ],
        "ifo_snr_real": [
            {
                "H1": -12.484948888924286,
                "L1": 8.906946284247985,
                "V1": -3.899849062728043
            }
        ],
        "ifo_time": [
            {
                "H1": 1677672000.0091746,
                "L1": 1677672000.0155985,
                "V1": 1677671999.992792
            }
        ],
        "network": [
            20.839749600754075
        ],
        "overlaps": [
            {
                "22": 1,
                "33": 0.01450661553260249,
                "44": 0.000713758746088015,
                "ecc_harm_-1": 0.8261946726797967,
                "ecc_harm_0": 1,
                "ecc_harm_1": 0.4871877479183148
            }
        ],
        "trigger_time": [
            1677672000.0
        ]
    }
}