{
    "posterior_samples": {
        "22": [
            32.77722132430569
        ],
        "33": [
            3.551905668218887
        ],
        "44": [
            0.8785241339241806
        ],
        "ifo_snr": [
            {
                "H1": 19.292536023790262,
                "L1": 24.279875070931066,
                "V1": 10.795550120083092
            }
        ],
        "ifo_snr_imag": [
            {
                "H1": 1.5079979044107363,
                "L1": -8.758574277798836,
                "V1": -9.133215018646585
            }
        ],
        "ifo_snr_phase": [
            {
                "H1": 0.07824464961109949,
                "L1": -2.7725379869469906,
                "V1": -1.0084691207201661
            }
        ],
        "ifo_snr_real": [
            {
                "H1": 19.23350952243344,
                "L1": -22.645081366166483,
                "V1": 5.755717663193231
            }
        ],
        "ifo_time": [
            {
                "H1": 1677672000.0081787,
                "L1": 1677672000.0142822,
                "V1": 1677671999.9918213
            }
        ],
        "network": [
            32.836841840903205
        ],
        "overlaps": [
            {
                "22": 1,
                "33": 0.012899567305702034,
                "44": 0.002978332860042969
            }
        ],
        "trigger_time": [
            1677672000.0
        ]
    }
}