{
    "posterior_samples": {
        "22": [
            0.6705511576811085
        ],
        "33": [
            0.19276886922150765
        ],
        "44": [
            0.2011445690282722
        ],
        "ifo_snr": [
            {
                "H1": 19.550424047052246,
                "L1": 24.60111881750545,
                "V1": 10.960047436382993
            }
        ],
        "ifo_snr_imag": [
            {
                "H1": -15.038186001308404,
                "L1": 13.621312469091613,
                "V1": -10.101509377831475
            }
        ],
        "ifo_snr_phase": [
            {
                "H1": -0.8775882522098417,
                "L1": 2.554807618519003,
                "V1": -1.9692383656842372
            }
        ],
        "ifo_snr_real": [
            {
                "H1": 12.492879660414994,
                "L1": -20.48596821466806,
                "V1": -4.252310912591903
            }
        ],
        "ifo_time": [
            {
                "H1": 1677672000.0083008,
                "L1": 1677672000.0144043,
                "V1": 1677671999.9919434
            }
        ],
        "network": [
            33.279975470248544
        ],
        "overlaps": [
            {
                "22": 1,
                "33": 0.012002850577459043,
                "44": 0.0025881924826487886
            }
        ],
        "trigger_time": [
            1677672000.0
        ]
    }
}