{
    "posterior_samples": {
        "a_1": [
            0.15790052237179125
        ],
        "a_2": [
            0.15790052237179125
        ],
        "beta": [
            0.0
        ],
        "chi_align": [
            0.15790052237179125
        ],
        "chi_eff": [
            0.15790052237179125
        ],
        "chi_p": [
            0.0
        ],
        "chi_p_2spin": [
            0.0
        ],
        "chirp_mass": [
            24.351455285796824
        ],
        "cos_iota": [
            1.0
        ],
        "cos_theta_jn": [
            1.0
        ],
        "cos_tilt_1": [
            1.0
        ],
        "cos_tilt_2": [
            1.0
        ],
        "distance": [
            1.0
        ],
        "f_ref": [
            20.0
        ],
        "inverted_mass_ratio": [
            1.9000983853971223
        ],
        "iota": [
            0.0
        ],
        "mass_1": [
            38.950936364873606
        ],
        "mass_2": [
            20.49943132641146
        ],
        "mass_ratio": [
            0.5262885373122398
        ],
        "phase": [
            0.0
        ],
        "phi_1": [
            0.0
        ],
        "phi_12": [
            0.0
        ],
        "phi_2": [
            0.0
        ],
        "phi_jl": [
            0.0
        ],
        "sigma": [
            30886.977646746316
        ],
        "spin_1x": [
            0.0
        ],
        "spin_1y": [
            0.0
        ],
        "spin_1z": [
            0.15790052237179125
        ],
        "spin_2x": [
            0.0
        ],
        "spin_2y": [
            0.0
        ],
        "spin_2z": [
            0.15790052237179125
        ],
        "symmetric_mass_ratio": [
            0.22591789137762647
        ],
        "theta_jn": [
            0.0
        ],
        "tilt_1": [
            0.0
        ],
        "tilt_2": [
            0.0
        ],
        "total_mass": [
            59.45036769128507
        ],
        "viewing_angle": [
            0.0
        ]
    }
}