{
    "posterior_samples": {
        "a_1": [
            0.14504419093418575
        ],
        "a_2": [
            0.14504419093418575
        ],
        "beta": [
            0.0
        ],
        "chi_align": [
            0.14504419093418575
        ],
        "chi_eff": [
            0.14504419093418575
        ],
        "chi_p": [
            0.0
        ],
        "chi_p_2spin": [
            0.0
        ],
        "chirp_mass": [
            24.44440270354704
        ],
        "cos_iota": [
            1.0
        ],
        "cos_theta_jn": [
            1.0
        ],
        "cos_tilt_1": [
            1.0
        ],
        "cos_tilt_2": [
            1.0
        ],
        "distance": [
            1.0
        ],
        "f_ref": [
            20.0
        ],
        "inverted_mass_ratio": [
            1.7369927074299232
        ],
        "iota": [
            0.0
        ],
        "mass_1": [
            37.286649118897564
        ],
        "mass_2": [
            21.466209362540948
        ],
        "mass_ratio": [
            0.5757076559518853
        ],
        "phase": [
            0.0
        ],
        "phi_1": [
            0.0
        ],
        "phi_12": [
            0.0
        ],
        "phi_2": [
            0.0
        ],
        "phi_jl": [
            0.0
        ],
        "sigma": [
            31198.24181038154
        ],
        "spin_1x": [
            0.0
        ],
        "spin_1y": [
            0.0
        ],
        "spin_1z": [
            0.14504419093418575
        ],
        "spin_2x": [
            0.0
        ],
        "spin_2y": [
            0.0
        ],
        "spin_2z": [
            0.14504419093418575
        ],
        "symmetric_mass_ratio": [
            0.23187328488915676
        ],
        "theta_jn": [
            0.0
        ],
        "tilt_1": [
            0.0
        ],
        "tilt_2": [
            0.0
        ],
        "total_mass": [
            58.75285848143851
        ],
        "viewing_angle": [
            0.0
        ]
    }
}