{
    "posterior_samples": {
        "a_1": [
            0.19923129514088503
        ],
        "a_2": [
            0.19923129514088503
        ],
        "beta": [
            0.0
        ],
        "chi_align": [
            0.19923129514088503
        ],
        "chi_eff": [
            0.19923129514088506
        ],
        "chi_p": [
            0.0
        ],
        "chi_p_2spin": [
            0.0
        ],
        "chirp_mass": [
            24.698652006627924
        ],
        "cos_iota": [
            1.0
        ],
        "cos_theta_jn": [
            1.0
        ],
        "cos_tilt_1": [
            1.0
        ],
        "cos_tilt_2": [
            1.0
        ],
        "ecc10": [
            0.20787477454915657
        ],
        "ecc10sqrd": [
            0.04321192189386267
        ],
        "f_ref": [
            20.0
        ],
        "inverted_mass_ratio": [
            1.7480750808809802
        ],
        "iota": [
            0.0
        ],
        "mass_1": [
            37.800975085949375
        ],
        "mass_2": [
            21.624342969810403
        ],
        "mass_ratio": [
            0.5720578085788103
        ],
        "phase": [
            0.0
        ],
        "phi_1": [
            0.0
        ],
        "phi_12": [
            0.0
        ],
        "phi_2": [
            0.0
        ],
        "phi_jl": [
            0.0
        ],
        "sigma": [
            31949.48130440657
        ],
        "spin_1x": [
            0.0
        ],
        "spin_1y": [
            0.0
        ],
        "spin_1z": [
            0.19923129514088503
        ],
        "spin_2x": [
            0.0
        ],
        "spin_2y": [
            0.0
        ],
        "spin_2z": [
            0.19923129514088503
        ],
        "symmetric_mass_ratio": [
            0.23147436099472501
        ],
        "theta_jn": [
            0.0
        ],
        "tilt_1": [
            0.0
        ],
        "tilt_2": [
            0.0
        ],
        "total_mass": [
            59.425318055759774
        ],
        "viewing_angle": [
            0.0
        ]
    }
}