{
    "posterior_samples": {
        "22": [
            33.1516393360684
        ],
        "33": [
            3.5756437198993924
        ],
        "44": [
            0.9431355215482248
        ],
        "ecc_harm_snr": [
            {
                "-1": 1.884322137984001,
                "0": 33.40349499221945,
                "1": 6.285901638167142
            }
        ],
        "ecc_harm_snr_imag": [
            {
                "-1": 1.259284164026867,
                "0": -6.56281906995931e-16,
                "1": -6.285552447009619
            }
        ],
        "ecc_harm_snr_phase": [
            {
                "-1": 0.7319152202850072,
                "0": -1.9647103009693934e-17,
                "1": -1.5813369147539136
            }
        ],
        "ecc_harm_snr_real": [
            {
                "-1": 1.4017393887337797,
                "0": 33.40349499221945,
                "1": -0.06625587222091549
            }
        ],
        "ifo_snr": [
            {
                "H1": 18.66659078948485,
                "L1": 23.487832918359825,
                "V1": 10.487954089131291
            }
        ],
        "ifo_snr_imag": [
            {
                "H1": 18.14667102721396,
                "L1": -23.464982265676472,
                "V1": 2.607387582302423
            }
        ],
        "ifo_snr_phase": [
            {
                "H1": 1.3342240353563994,
                "L1": -1.5266821637747485,
                "V1": 0.25124270183710207
            }
        ],
        "ifo_snr_real": [
            {
                "H1": 4.374921980121949,
                "L1": 1.0358100560798045,
                "V1": 10.158676634846731
            }
        ],
        "ifo_time": [
            {
                "H1": 1677672000.008613,
                "L1": 1677672000.014701,
                "V1": 1677671999.9922385
            }
        ],
        "network": [
            31.782339244910748
        ],
        "overlaps": [
            {
                "22": 1,
                "33": 0.012757146421844216,
                "44": 0.002248595941991855,
                "ecc_harm_-1": 0.7821200732539542,
                "ecc_harm_0": 1,
                "ecc_harm_1": 0.440467809868048
            }
        ],
        "trigger_time": [
            1677672000.0
        ]
    }
}