{
    "posterior_samples": {
        "22": [
            33.18682921837309
        ],
        "33": [
            3.4808413594019214
        ],
        "44": [
            0.9395365232197315
        ],
        "a_1": [
            0.2
        ],
        "a_2": [
            0.1
        ],
        "alpha_net": [
            0.3641690124748298
        ],
        "chi_align": [
            0.17158963465833502
        ],
        "chi_eff": [
            0.16666666666666666
        ],
        "chi_p": [
            0.0
        ],
        "chi_p_2spin": [
            0.0
        ],
        "chirp_mass": [
            24.334573675728226
        ],
        "chirp_mass_source": [
            20.898984857850913
        ],
        "comoving_distance": [
            699.0783554460687
        ],
        "comoving_volume": [
            1431087462.6780949
        ],
        "cos_iota": [
            0.8253356149096783
        ],
        "cos_theta_jn": [
            0.8253356149096783
        ],
        "cos_tilt_1": [
            1.0
        ],
        "cos_tilt_2": [
            1.0
        ],
        "dec": [
            0.3
        ],
        "delta_t": [
            0.0001220703125
        ],
        "distance": [
            814.0
        ],
        "ecc10": [
            0.2
        ],
        "ecc_harm_snr": [
            {
                "-1": 1.9478126978758317,
                "0": 33.81052685606221,
                "1": 4.084487356513028
            }
        ],
        "ecc_harm_snr_imag": [
            {
                "-1": 0.9153396061384861,
                "0": 0.0,
                "1": 3.2229080866963002
            }
        ],
        "ecc_harm_snr_phase": [
            {
                "-1": 2.6523788612956847,
                "0": 0.0,
                "1": 2.232314326592835
            }
        ],
        "ecc_harm_snr_real": [
            {
                "-1": -1.719339324112773,
                "0": 33.81052685606221,
                "1": -2.5091632928572776
            }
        ],
        "f_lower": [
            10.0
        ],
        "geocent_time": [
            1677672000.0
        ],
        "ifo_snr": [
            {
                "H1": 18.716127401426625,
                "L1": 23.550561054930135,
                "V1": 10.51267863106758
            }
        ],
        "ifo_snr_imag": [
            {
                "H1": -7.504361820171978,
                "L1": 3.0929480021017324,
                "V1": -10.469745769417969
            }
        ],
        "ifo_snr_phase": [
            {
                "H1": -0.4125612292288302,
                "L1": 3.0098799101464713,
                "V1": -1.4803895190496437
            }
        ],
        "ifo_snr_real": [
            {
                "H1": 17.14578602976188,
                "L1": -23.346575737317174,
                "V1": 0.9491235556340734
            }
        ],
        "ifo_time": [
            {
                "H1": 1677672000.0081115,
                "L1": 1677672000.0141995,
                "V1": 1677671999.9917498
            }
        ],
        "inclination": [
            0.6
        ],
        "inverted_mass_ratio": [
            2.0
        ],
        "iota": [
            0.6
        ],
        "left_snr": [
            24.545740952512435
        ],
        "luminosity_distance": [
            814.0
        ],
        "mass_1": [
            40.0
        ],
        "mass_1_source": [
            34.352744595145246
        ],
        "mass_2": [
            20.0
        ],
        "mass_2_source": [
            17.176372297572623
        ],
        "mass_ratio": [
            0.5
        ],
        "network": [
            31.865949898104866
        ],
        "not_left_snr": [
            20.321057157556627
        ],
        "not_right_snr": [
            0.5120510987205893
        ],
        "overlaps": [
            {
                "22": 1,
                "33": 0.011458666482797987,
                "44": 0.002107840221216516,
                "ecc_harm_-1": 0.9475296784903041,
                "ecc_harm_0": 1,
                "ecc_harm_1": 0.923824009063462
            }
        ],
        "phi_1": [
            0.0
        ],
        "phi_12": [
            0.0
        ],
        "phi_2": [
            0.0
        ],
        "phi_jl": [
            0.0
        ],
        "psi": [
            0.5
        ],
        "ra": [
            1.2
        ],
        "redshift": [
            0.16439022475231357
        ],
        "right_snr": [
            31.86183558084544
        ],
        "spin_1x": [
            0.0
        ],
        "spin_1y": [
            0.0
        ],
        "spin_1z": [
            0.2
        ],
        "spin_2x": [
            0.0
        ],
        "spin_2y": [
            0.0
        ],
        "spin_2z": [
            0.1
        ],
        "symmetric_mass_ratio": [
            0.2222222222222222
        ],
        "theta_jn": [
            0.6
        ],
        "tilt_1": [
            0.0
        ],
        "tilt_2": [
            0.0
        ],
        "time": [
            1677672000.0
        ],
        "total_mass": [
            60.0
        ],
        "total_mass_source": [
            51.529116892717866
        ],
        "viewing_angle": [
            0.6
        ]
    }
}