{
    "ecc10": 0.3,
    "ra": 1.2,
    "dec": 0.3,
    "psi": 0.5,
    "f_lower": 20.0,
    "delta_t": 0.0001220703125,
    "phase": 0.0,
    "delta_f": 0.0625,
    "f_final": 4096.0,
    "mode_array": 4.0,
    "network_22_snr": 52.033813697311,
    "network_33_snr": 3.9948626117003183,
    "network_44_snr": 1.8943222620319395,
    "ecc_network_0_snr": 49.982103600042485,
    "ecc_network_1_snr": 10.013715882687984,
    "ecc_network_-1_snr": 6.362986069835057,
    "mass_1": 60.0,
    "mass_2": 40.0,
    "spin_1x": 0.0,
    "spin_1y": 0.0,
    "spin_1z": 0.2,
    "spin_2x": 0.0,
    "spin_2y": 0.0,
    "spin_2z": 0.1,
    "iota": 0.6,
    "luminosity_distance": 814.0,
    "geocent_time": 1677672000.0,
    "redshift": 0.16439022475231355,
    "comoving_distance": 699.0783554460686,
    "comoving_volume": 1431087462.6780941,
    "mass_ratio": 0.6666666666666666,
    "inverted_mass_ratio": 1.5,
    "total_mass": 100.0,
    "chirp_mass": 42.474350351797376,
    "symmetric_mass_ratio": 0.24,
    "mass_1_source": 51.52911689271787,
    "mass_2_source": 34.35274459514525,
    "total_mass_source": 85.88186148786313,
    "chirp_mass_source": 36.477762737000326,
    "theta_jn": 0.6,
    "phi_jl": 0.0,
    "tilt_1": 0.0,
    "tilt_2": 0.0,
    "phi_12": 0.0,
    "a_1": 0.2,
    "a_2": 0.1,
    "phi_1": 0.0,
    "phi_2": 0.0,
    "chi_p": 0.0,
    "chi_p_2spin": 0.0,
    "chi_eff": 0.16,
    "beta": 0.0,
    "psi_J": 2.0707963267948966,
    "cos_tilt_1": 1.0,
    "cos_tilt_2": 1.0,
    "cos_theta_jn": 0.8253356149096784,
    "viewing_angle": 0.6,
    "cos_iota": 0.8253356149096784,
    "chi_align": 0.16319566672734004
}